clean_index,trial_id,filename,metadata_label,y_clean_label,accepted_status,alignment_status
0,1,cellula_MI_data_1.csv,0,0,True,VERIFIED_MATCH
1,2,cellula_MI_data_2.csv,1,1,True,VERIFIED_MATCH
2,3,cellula_MI_data_3.csv,0,0,True,VERIFIED_MATCH
3,4,cellula_MI_data_4.csv,0,0,True,VERIFIED_MATCH
4,5,cellula_MI_data_5.csv,0,0,True,VERIFIED_MATCH
5,6,cellula_MI_data_6.csv,1,1,True,VERIFIED_MATCH
6,8,cellula_MI_data_8.csv,0,0,True,VERIFIED_MATCH
7,11,cellula_MI_data_11.csv,0,0,True,VERIFIED_MATCH
8,12,cellula_MI_data_12.csv,1,1,True,VERIFIED_MATCH
9,13,cellula_MI_data_13.csv,0,0,True,VERIFIED_MATCH
10,14,cellula_MI_data_14.csv,0,0,True,VERIFIED_MATCH
11,15,cellula_MI_data_15.csv,0,0,True,VERIFIED_MATCH
12,17,cellula_MI_data_17.csv,1,1,True,VERIFIED_MATCH
13,18,cellula_MI_data_18.csv,0,0,True,VERIFIED_MATCH
14,19,cellula_MI_data_19.csv,1,1,True,VERIFIED_MATCH
15,28,cellula_MI_data_28.csv,1,1,True,VERIFIED_MATCH
16,37,cellula_MI_data_37.csv,1,1,True,VERIFIED_MATCH
17,61,cellula_MI_data_61.csv,0,0,True,VERIFIED_MATCH
18,65,cellula_MI_data_65.csv,0,0,True,VERIFIED_MATCH
19,67,cellula_MI_data_67.csv,1,1,True,VERIFIED_MATCH
20,70,cellula_MI_data_70.csv,0,0,True,VERIFIED_MATCH
21,71,cellula_MI_data_71.csv,1,1,True,VERIFIED_MATCH
22,72,cellula_MI_data_72.csv,1,1,True,VERIFIED_MATCH
23,74,cellula_MI_data_74.csv,1,1,True,VERIFIED_MATCH
24,76,cellula_MI_data_76.csv,0,0,True,VERIFIED_MATCH
25,77,cellula_MI_data_77.csv,0,0,True,VERIFIED_MATCH
26,79,cellula_MI_data_79.csv,1,1,True,VERIFIED_MATCH
27,80,cellula_MI_data_80.csv,0,0,True,VERIFIED_MATCH
28,81,cellula_MI_data_81.csv,1,1,True,VERIFIED_MATCH
29,82,cellula_MI_data_82.csv,0,0,True,VERIFIED_MATCH
30,83,cellula_MI_data_83.csv,0,0,True,VERIFIED_MATCH
31,84,cellula_MI_data_84.csv,0,0,True,VERIFIED_MATCH
32,85,cellula_MI_data_85.csv,1,1,True,VERIFIED_MATCH
33,87,cellula_MI_data_87.csv,0,0,True,VERIFIED_MATCH
34,88,cellula_MI_data_88.csv,1,1,True,VERIFIED_MATCH
35,89,cellula_MI_data_89.csv,1,1,True,VERIFIED_MATCH
36,90,cellula_MI_data_90.csv,1,1,True,VERIFIED_MATCH
37,91,cellula_MI_data_91.csv,0,0,True,VERIFIED_MATCH
38,92,cellula_MI_data_92.csv,0,0,True,VERIFIED_MATCH
39,93,cellula_MI_data_93.csv,1,1,True,VERIFIED_MATCH
40,95,cellula_MI_data_95.csv,1,1,True,VERIFIED_MATCH
41,97,cellula_MI_data_97.csv,0,0,True,VERIFIED_MATCH
42,99,cellula_MI_data_99.csv,1,1,True,VERIFIED_MATCH
43,101,cellula_MI_data_101.csv,0,0,True,VERIFIED_MATCH
44,103,cellula_MI_data_103.csv,0,0,True,VERIFIED_MATCH
45,104,cellula_MI_data_104.csv,1,1,True,VERIFIED_MATCH
46,105,cellula_MI_data_105.csv,0,0,True,VERIFIED_MATCH
47,106,cellula_MI_data_106.csv,0,0,True,VERIFIED_MATCH
48,109,cellula_MI_data_109.csv,1,1,True,VERIFIED_MATCH
49,110,cellula_MI_data_110.csv,1,1,True,VERIFIED_MATCH
50,112,cellula_MI_data_112.csv,0,0,True,VERIFIED_MATCH
51,114,cellula_MI_data_114.csv,0,0,True,VERIFIED_MATCH
52,115,cellula_MI_data_115.csv,0,0,True,VERIFIED_MATCH
53,116,cellula_MI_data_116.csv,0,0,True,VERIFIED_MATCH
54,118,cellula_MI_data_118.csv,1,1,True,VERIFIED_MATCH
55,119,cellula_MI_data_119.csv,0,0,True,VERIFIED_MATCH
56,120,cellula_MI_data_120.csv,0,0,True,VERIFIED_MATCH
57,121,cellula_MI_data_121.csv,0,0,True,VERIFIED_MATCH
58,123,cellula_MI_data_123.csv,0,0,True,VERIFIED_MATCH
59,124,cellula_MI_data_124.csv,0,0,True,VERIFIED_MATCH
60,125,cellula_MI_data_125.csv,0,0,True,VERIFIED_MATCH
61,126,cellula_MI_data_126.csv,0,0,True,VERIFIED_MATCH
62,127,cellula_MI_data_127.csv,1,1,True,VERIFIED_MATCH
63,128,cellula_MI_data_128.csv,1,1,True,VERIFIED_MATCH
64,129,cellula_MI_data_129.csv,1,1,True,VERIFIED_MATCH
65,130,cellula_MI_data_130.csv,0,0,True,VERIFIED_MATCH
66,133,cellula_MI_data_133.csv,1,1,True,VERIFIED_MATCH
67,135,cellula_MI_data_135.csv,0,0,True,VERIFIED_MATCH
68,137,cellula_MI_data_137.csv,1,1,True,VERIFIED_MATCH
69,138,cellula_MI_data_138.csv,1,1,True,VERIFIED_MATCH
70,140,cellula_MI_data_140.csv,1,1,True,VERIFIED_MATCH
71,142,cellula_MI_data_142.csv,1,1,True,VERIFIED_MATCH
72,144,cellula_MI_data_144.csv,1,1,True,VERIFIED_MATCH
73,145,cellula_MI_data_145.csv,1,1,True,VERIFIED_MATCH
74,146,cellula_MI_data_146.csv,0,0,True,VERIFIED_MATCH
75,147,cellula_MI_data_147.csv,0,0,True,VERIFIED_MATCH
76,148,cellula_MI_data_148.csv,1,1,True,VERIFIED_MATCH
77,149,cellula_MI_data_149.csv,1,1,True,VERIFIED_MATCH
78,150,cellula_MI_data_150.csv,1,1,True,VERIFIED_MATCH
79,151,cellula_MI_data_151.csv,1,1,True,VERIFIED_MATCH
80,153,cellula_MI_data_153.csv,1,1,True,VERIFIED_MATCH
81,155,cellula_MI_data_155.csv,0,0,True,VERIFIED_MATCH
82,157,cellula_MI_data_157.csv,0,0,True,VERIFIED_MATCH
83,158,cellula_MI_data_158.csv,0,0,True,VERIFIED_MATCH
84,159,cellula_MI_data_159.csv,0,0,True,VERIFIED_MATCH
85,160,cellula_MI_data_160.csv,1,1,True,VERIFIED_MATCH
86,161,cellula_MI_data_161.csv,0,0,True,VERIFIED_MATCH
87,163,cellula_MI_data_163.csv,1,1,True,VERIFIED_MATCH
88,164,cellula_MI_data_164.csv,0,0,True,VERIFIED_MATCH
89,166,cellula_MI_data_166.csv,0,0,True,VERIFIED_MATCH
90,167,cellula_MI_data_167.csv,1,1,True,VERIFIED_MATCH
91,168,cellula_MI_data_168.csv,1,1,True,VERIFIED_MATCH
92,169,cellula_MI_data_169.csv,1,1,True,VERIFIED_MATCH
93,171,cellula_MI_data_171.csv,0,0,True,VERIFIED_MATCH
94,172,cellula_MI_data_172.csv,0,0,True,VERIFIED_MATCH
95,177,cellula_MI_data_177.csv,1,1,True,VERIFIED_MATCH
96,178,cellula_MI_data_178.csv,1,1,True,VERIFIED_MATCH
97,180,cellula_MI_data_180.csv,0,0,True,VERIFIED_MATCH
98,181,cellula_MI_data_181.csv,0,0,True,VERIFIED_MATCH
99,182,cellula_MI_data_182.csv,0,0,True,VERIFIED_MATCH
100,183,cellula_MI_data_183.csv,1,1,True,VERIFIED_MATCH
101,184,cellula_MI_data_184.csv,0,0,True,VERIFIED_MATCH
102,185,cellula_MI_data_185.csv,0,0,True,VERIFIED_MATCH
103,186,cellula_MI_data_186.csv,1,1,True,VERIFIED_MATCH
104,191,cellula_MI_data_191.csv,1,1,True,VERIFIED_MATCH
105,193,cellula_MI_data_193.csv,1,1,True,VERIFIED_MATCH
106,204,cellula_MI_data_204.csv,1,1,True,VERIFIED_MATCH
107,207,cellula_MI_data_207.csv,1,1,True,VERIFIED_MATCH
108,208,cellula_MI_data_208.csv,0,0,True,VERIFIED_MATCH
109,209,cellula_MI_data_209.csv,0,0,True,VERIFIED_MATCH
110,210,cellula_MI_data_210.csv,0,0,True,VERIFIED_MATCH
111,211,cellula_MI_data_211.csv,1,1,True,VERIFIED_MATCH
112,212,cellula_MI_data_212.csv,0,0,True,VERIFIED_MATCH
113,214,cellula_MI_data_214.csv,0,0,True,VERIFIED_MATCH
114,215,cellula_MI_data_215.csv,0,0,True,VERIFIED_MATCH
115,216,cellula_MI_data_216.csv,1,1,True,VERIFIED_MATCH
116,218,cellula_MI_data_218.csv,0,0,True,VERIFIED_MATCH
117,221,cellula_MI_data_221.csv,1,1,True,VERIFIED_MATCH
118,222,cellula_MI_data_222.csv,1,1,True,VERIFIED_MATCH
119,223,cellula_MI_data_223.csv,1,1,True,VERIFIED_MATCH
120,225,cellula_MI_data_225.csv,0,0,True,VERIFIED_MATCH
121,227,cellula_MI_data_227.csv,1,1,True,VERIFIED_MATCH
122,228,cellula_MI_data_228.csv,1,1,True,VERIFIED_MATCH
123,229,cellula_MI_data_229.csv,1,1,True,VERIFIED_MATCH
124,230,cellula_MI_data_230.csv,1,1,True,VERIFIED_MATCH
125,231,cellula_MI_data_231.csv,0,0,True,VERIFIED_MATCH
126,232,cellula_MI_data_232.csv,1,1,True,VERIFIED_MATCH
127,233,cellula_MI_data_233.csv,1,1,True,VERIFIED_MATCH
128,234,cellula_MI_data_234.csv,0,0,True,VERIFIED_MATCH
129,235,cellula_MI_data_235.csv,0,0,True,VERIFIED_MATCH
130,236,cellula_MI_data_236.csv,1,1,True,VERIFIED_MATCH
131,237,cellula_MI_data_237.csv,0,0,True,VERIFIED_MATCH
132,238,cellula_MI_data_238.csv,1,1,True,VERIFIED_MATCH
133,239,cellula_MI_data_239.csv,0,0,True,VERIFIED_MATCH
134,240,cellula_MI_data_240.csv,0,0,True,VERIFIED_MATCH
135,243,cellula_MI_data_243.csv,0,0,True,VERIFIED_MATCH
136,244,cellula_MI_data_244.csv,1,1,True,VERIFIED_MATCH
137,246,cellula_MI_data_246.csv,0,0,True,VERIFIED_MATCH
138,247,cellula_MI_data_247.csv,1,1,True,VERIFIED_MATCH
139,248,cellula_MI_data_248.csv,1,1,True,VERIFIED_MATCH
140,250,cellula_MI_data_250.csv,1,1,True,VERIFIED_MATCH
141,251,cellula_MI_data_251.csv,0,0,True,VERIFIED_MATCH
142,252,cellula_MI_data_252.csv,1,1,True,VERIFIED_MATCH
143,253,cellula_MI_data_253.csv,0,0,True,VERIFIED_MATCH
144,254,cellula_MI_data_254.csv,1,1,True,VERIFIED_MATCH
145,255,cellula_MI_data_255.csv,1,1,True,VERIFIED_MATCH
146,256,cellula_MI_data_256.csv,1,1,True,VERIFIED_MATCH
147,257,cellula_MI_data_257.csv,0,0,True,VERIFIED_MATCH
148,259,cellula_MI_data_259.csv,1,1,True,VERIFIED_MATCH
149,260,cellula_MI_data_260.csv,1,1,True,VERIFIED_MATCH
150,261,cellula_MI_data_261.csv,0,0,True,VERIFIED_MATCH
151,262,cellula_MI_data_262.csv,0,0,True,VERIFIED_MATCH
152,263,cellula_MI_data_263.csv,0,0,True,VERIFIED_MATCH
153,264,cellula_MI_data_264.csv,0,0,True,VERIFIED_MATCH
154,267,cellula_MI_data_267.csv,0,0,True,VERIFIED_MATCH
155,268,cellula_MI_data_268.csv,0,0,True,VERIFIED_MATCH
156,269,cellula_MI_data_269.csv,0,0,True,VERIFIED_MATCH
157,270,cellula_MI_data_270.csv,1,1,True,VERIFIED_MATCH
158,271,cellula_MI_data_271.csv,0,0,True,VERIFIED_MATCH
159,272,cellula_MI_data_272.csv,1,1,True,VERIFIED_MATCH
160,274,cellula_MI_data_274.csv,1,1,True,VERIFIED_MATCH
161,275,cellula_MI_data_275.csv,0,0,True,VERIFIED_MATCH
162,276,cellula_MI_data_276.csv,1,1,True,VERIFIED_MATCH
163,277,cellula_MI_data_277.csv,0,0,True,VERIFIED_MATCH
164,278,cellula_MI_data_278.csv,0,0,True,VERIFIED_MATCH
165,279,cellula_MI_data_279.csv,0,0,True,VERIFIED_MATCH
166,280,cellula_MI_data_280.csv,0,0,True,VERIFIED_MATCH
167,282,cellula_MI_data_282.csv,1,1,True,VERIFIED_MATCH
168,283,cellula_MI_data_283.csv,1,1,True,VERIFIED_MATCH
169,284,cellula_MI_data_284.csv,1,1,True,VERIFIED_MATCH
170,285,cellula_MI_data_285.csv,1,1,True,VERIFIED_MATCH
171,287,cellula_MI_data_287.csv,1,1,True,VERIFIED_MATCH
172,289,cellula_MI_data_289.csv,0,0,True,VERIFIED_MATCH
173,290,cellula_MI_data_290.csv,0,0,True,VERIFIED_MATCH
174,292,cellula_MI_data_292.csv,0,0,True,VERIFIED_MATCH
175,293,cellula_MI_data_293.csv,0,0,True,VERIFIED_MATCH
176,295,cellula_MI_data_295.csv,1,1,True,VERIFIED_MATCH
177,296,cellula_MI_data_296.csv,0,0,True,VERIFIED_MATCH
178,297,cellula_MI_data_297.csv,0,0,True,VERIFIED_MATCH
179,298,cellula_MI_data_298.csv,0,0,True,VERIFIED_MATCH
180,299,cellula_MI_data_299.csv,1,1,True,VERIFIED_MATCH
181,300,cellula_MI_data_300.csv,1,1,True,VERIFIED_MATCH
182,301,cellula_MI_data_301.csv,1,1,True,VERIFIED_MATCH
183,302,cellula_MI_data_302.csv,1,1,True,VERIFIED_MATCH
184,303,cellula_MI_data_303.csv,1,1,True,VERIFIED_MATCH
185,304,cellula_MI_data_304.csv,0,0,True,VERIFIED_MATCH
186,306,cellula_MI_data_306.csv,0,0,True,VERIFIED_MATCH
187,307,cellula_MI_data_307.csv,1,1,True,VERIFIED_MATCH
188,308,cellula_MI_data_308.csv,1,1,True,VERIFIED_MATCH
189,309,cellula_MI_data_309.csv,1,1,True,VERIFIED_MATCH
190,310,cellula_MI_data_310.csv,0,0,True,VERIFIED_MATCH
191,311,cellula_MI_data_311.csv,1,1,True,VERIFIED_MATCH
192,313,cellula_MI_data_313.csv,1,1,True,VERIFIED_MATCH
193,314,cellula_MI_data_314.csv,0,0,True,VERIFIED_MATCH
194,315,cellula_MI_data_315.csv,0,0,True,VERIFIED_MATCH
195,317,cellula_MI_data_317.csv,0,0,True,VERIFIED_MATCH
196,320,cellula_MI_data_320.csv,0,0,True,VERIFIED_MATCH
197,321,cellula_MI_data_321.csv,1,1,True,VERIFIED_MATCH
198,323,cellula_MI_data_323.csv,1,1,True,VERIFIED_MATCH
199,324,cellula_MI_data_324.csv,0,0,True,VERIFIED_MATCH
200,357,cellula_MI_data_357.csv,0,0,True,VERIFIED_MATCH
201,365,cellula_MI_data_365.csv,0,0,True,VERIFIED_MATCH
202,369,cellula_MI_data_369.csv,1,1,True,VERIFIED_MATCH
203,372,cellula_MI_data_372.csv,1,1,True,VERIFIED_MATCH
204,373,cellula_MI_data_373.csv,1,1,True,VERIFIED_MATCH
205,377,cellula_MI_data_377.csv,0,0,True,VERIFIED_MATCH
206,378,cellula_MI_data_378.csv,0,0,True,VERIFIED_MATCH
207,379,cellula_MI_data_379.csv,0,0,True,VERIFIED_MATCH
208,380,cellula_MI_data_380.csv,1,1,True,VERIFIED_MATCH
209,382,cellula_MI_data_382.csv,0,0,True,VERIFIED_MATCH
210,383,cellula_MI_data_383.csv,0,0,True,VERIFIED_MATCH
211,385,cellula_MI_data_385.csv,0,0,True,VERIFIED_MATCH
212,386,cellula_MI_data_386.csv,0,0,True,VERIFIED_MATCH
213,388,cellula_MI_data_388.csv,1,1,True,VERIFIED_MATCH
214,389,cellula_MI_data_389.csv,1,1,True,VERIFIED_MATCH
215,390,cellula_MI_data_390.csv,1,1,True,VERIFIED_MATCH
216,391,cellula_MI_data_391.csv,1,1,True,VERIFIED_MATCH
217,393,cellula_MI_data_393.csv,0,0,True,VERIFIED_MATCH
218,396,cellula_MI_data_396.csv,0,0,True,VERIFIED_MATCH
219,397,cellula_MI_data_397.csv,0,0,True,VERIFIED_MATCH
220,400,cellula_MI_data_400.csv,1,1,True,VERIFIED_MATCH
221,403,cellula_MI_data_403.csv,1,1,True,VERIFIED_MATCH
222,405,cellula_MI_data_405.csv,0,0,True,VERIFIED_MATCH
223,408,cellula_MI_data_408.csv,1,1,True,VERIFIED_MATCH
224,409,cellula_MI_data_409.csv,0,0,True,VERIFIED_MATCH
225,413,cellula_MI_data_413.csv,1,1,True,VERIFIED_MATCH
226,414,cellula_MI_data_414.csv,0,0,True,VERIFIED_MATCH
227,415,cellula_MI_data_415.csv,0,0,True,VERIFIED_MATCH
228,416,cellula_MI_data_416.csv,1,1,True,VERIFIED_MATCH
229,418,cellula_MI_data_418.csv,0,0,True,VERIFIED_MATCH
230,419,cellula_MI_data_419.csv,0,0,True,VERIFIED_MATCH
231,421,cellula_MI_data_421.csv,1,1,True,VERIFIED_MATCH
232,423,cellula_MI_data_423.csv,0,0,True,VERIFIED_MATCH
233,426,cellula_MI_data_426.csv,1,1,True,VERIFIED_MATCH
234,428,cellula_MI_data_428.csv,0,0,True,VERIFIED_MATCH
235,431,cellula_MI_data_431.csv,1,1,True,VERIFIED_MATCH
236,432,cellula_MI_data_432.csv,1,1,True,VERIFIED_MATCH
237,433,cellula_MI_data_433.csv,1,1,True,VERIFIED_MATCH
238,435,cellula_MI_data_435.csv,0,0,True,VERIFIED_MATCH
239,436,cellula_MI_data_436.csv,0,0,True,VERIFIED_MATCH
240,438,cellula_MI_data_438.csv,0,0,True,VERIFIED_MATCH
241,440,cellula_MI_data_440.csv,0,0,True,VERIFIED_MATCH
242,441,cellula_MI_data_441.csv,1,1,True,VERIFIED_MATCH
243,444,cellula_MI_data_444.csv,1,1,True,VERIFIED_MATCH
244,447,cellula_MI_data_447.csv,0,0,True,VERIFIED_MATCH
245,448,cellula_MI_data_448.csv,0,0,True,VERIFIED_MATCH
246,449,cellula_MI_data_449.csv,0,0,True,VERIFIED_MATCH
247,453,cellula_MI_data_453.csv,0,0,True,VERIFIED_MATCH
248,454,cellula_MI_data_454.csv,1,1,True,VERIFIED_MATCH
249,456,cellula_MI_data_456.csv,0,0,True,VERIFIED_MATCH
250,457,cellula_MI_data_457.csv,1,1,True,VERIFIED_MATCH
251,459,cellula_MI_data_459.csv,1,1,True,VERIFIED_MATCH
252,467,cellula_MI_data_467.csv,1,1,True,VERIFIED_MATCH
253,468,cellula_MI_data_468.csv,1,1,True,VERIFIED_MATCH
254,470,cellula_MI_data_470.csv,0,0,True,VERIFIED_MATCH
255,471,cellula_MI_data_471.csv,0,0,True,VERIFIED_MATCH
256,475,cellula_MI_data_475.csv,0,0,True,VERIFIED_MATCH
257,490,cellula_MI_data_490.csv,0,0,True,VERIFIED_MATCH
258,492,cellula_MI_data_492.csv,0,0,True,VERIFIED_MATCH
259,499,cellula_MI_data_499.csv,0,0,True,VERIFIED_MATCH
260,503,cellula_MI_data_503.csv,0,0,True,VERIFIED_MATCH
261,505,cellula_MI_data_505.csv,0,0,True,VERIFIED_MATCH
262,506,cellula_MI_data_506.csv,0,0,True,VERIFIED_MATCH
263,507,cellula_MI_data_507.csv,0,0,True,VERIFIED_MATCH
264,508,cellula_MI_data_508.csv,0,0,True,VERIFIED_MATCH
265,509,cellula_MI_data_509.csv,0,0,True,VERIFIED_MATCH
266,512,cellula_MI_data_512.csv,0,0,True,VERIFIED_MATCH
267,514,cellula_MI_data_514.csv,1,1,True,VERIFIED_MATCH
268,518,cellula_MI_data_518.csv,1,1,True,VERIFIED_MATCH
269,519,cellula_MI_data_519.csv,0,0,True,VERIFIED_MATCH
270,523,cellula_MI_data_523.csv,0,0,True,VERIFIED_MATCH
271,526,cellula_MI_data_526.csv,0,0,True,VERIFIED_MATCH
272,530,cellula_MI_data_530.csv,0,0,True,VERIFIED_MATCH
273,531,cellula_MI_data_531.csv,0,0,True,VERIFIED_MATCH
274,537,cellula_MI_data_537.csv,1,1,True,VERIFIED_MATCH
275,539,cellula_MI_data_539.csv,1,1,True,VERIFIED_MATCH
276,540,cellula_MI_data_540.csv,0,0,True,VERIFIED_MATCH
277,604,cellula_MI_data_604.csv,1,1,True,VERIFIED_MATCH
278,605,cellula_MI_data_605.csv,1,1,True,VERIFIED_MATCH
279,606,cellula_MI_data_606.csv,0,0,True,VERIFIED_MATCH
280,607,cellula_MI_data_607.csv,1,1,True,VERIFIED_MATCH
281,608,cellula_MI_data_608.csv,0,0,True,VERIFIED_MATCH
282,609,cellula_MI_data_609.csv,1,1,True,VERIFIED_MATCH
283,610,cellula_MI_data_610.csv,1,1,True,VERIFIED_MATCH
284,611,cellula_MI_data_611.csv,0,0,True,VERIFIED_MATCH
285,612,cellula_MI_data_612.csv,0,0,True,VERIFIED_MATCH
286,622,cellula_MI_data_622.csv,1,1,True,VERIFIED_MATCH
287,623,cellula_MI_data_623.csv,1,1,True,VERIFIED_MATCH
288,624,cellula_MI_data_624.csv,1,1,True,VERIFIED_MATCH
289,626,cellula_MI_data_626.csv,1,1,True,VERIFIED_MATCH
290,627,cellula_MI_data_627.csv,0,0,True,VERIFIED_MATCH
291,628,cellula_MI_data_628.csv,1,1,True,VERIFIED_MATCH
292,629,cellula_MI_data_629.csv,0,0,True,VERIFIED_MATCH
293,630,cellula_MI_data_630.csv,1,1,True,VERIFIED_MATCH
294,633,cellula_MI_data_633.csv,0,0,True,VERIFIED_MATCH
295,634,cellula_MI_data_634.csv,1,1,True,VERIFIED_MATCH
296,635,cellula_MI_data_635.csv,0,0,True,VERIFIED_MATCH
297,636,cellula_MI_data_636.csv,1,1,True,VERIFIED_MATCH
298,638,cellula_MI_data_638.csv,0,0,True,VERIFIED_MATCH
299,639,cellula_MI_data_639.csv,1,1,True,VERIFIED_MATCH
300,640,cellula_MI_data_640.csv,1,1,True,VERIFIED_MATCH
301,642,cellula_MI_data_642.csv,0,0,True,VERIFIED_MATCH
302,643,cellula_MI_data_643.csv,0,0,True,VERIFIED_MATCH
303,644,cellula_MI_data_644.csv,1,1,True,VERIFIED_MATCH
304,645,cellula_MI_data_645.csv,0,0,True,VERIFIED_MATCH
305,646,cellula_MI_data_646.csv,1,1,True,VERIFIED_MATCH
306,648,cellula_MI_data_648.csv,1,1,True,VERIFIED_MATCH
307,649,cellula_MI_data_649.csv,1,1,True,VERIFIED_MATCH
308,650,cellula_MI_data_650.csv,0,0,True,VERIFIED_MATCH
309,652,cellula_MI_data_652.csv,1,1,True,VERIFIED_MATCH
310,653,cellula_MI_data_653.csv,0,0,True,VERIFIED_MATCH
311,654,cellula_MI_data_654.csv,1,1,True,VERIFIED_MATCH
312,655,cellula_MI_data_655.csv,0,0,True,VERIFIED_MATCH
313,656,cellula_MI_data_656.csv,1,1,True,VERIFIED_MATCH
314,657,cellula_MI_data_657.csv,1,1,True,VERIFIED_MATCH
315,668,cellula_MI_data_668.csv,1,1,True,VERIFIED_MATCH
316,672,cellula_MI_data_672.csv,0,0,True,VERIFIED_MATCH
317,677,cellula_MI_data_677.csv,0,0,True,VERIFIED_MATCH
318,680,cellula_MI_data_680.csv,0,0,True,VERIFIED_MATCH
319,681,cellula_MI_data_681.csv,0,0,True,VERIFIED_MATCH
320,682,cellula_MI_data_682.csv,1,1,True,VERIFIED_MATCH
321,684,cellula_MI_data_684.csv,1,1,True,VERIFIED_MATCH
322,690,cellula_MI_data_690.csv,1,1,True,VERIFIED_MATCH
323,691,cellula_MI_data_691.csv,0,0,True,VERIFIED_MATCH
324,692,cellula_MI_data_692.csv,1,1,True,VERIFIED_MATCH
325,693,cellula_MI_data_693.csv,0,0,True,VERIFIED_MATCH
326,703,cellula_MI_data_703.csv,1,1,True,VERIFIED_MATCH
327,705,cellula_MI_data_705.csv,0,0,True,VERIFIED_MATCH
328,706,cellula_MI_data_706.csv,0,0,True,VERIFIED_MATCH
329,709,cellula_MI_data_709.csv,1,1,True,VERIFIED_MATCH
330,710,cellula_MI_data_710.csv,1,1,True,VERIFIED_MATCH
331,775,cellula_MI_data_775.csv,0,0,True,VERIFIED_MATCH
332,777,cellula_MI_data_777.csv,0,0,True,VERIFIED_MATCH
333,778,cellula_MI_data_778.csv,1,1,True,VERIFIED_MATCH
334,779,cellula_MI_data_779.csv,1,1,True,VERIFIED_MATCH
335,780,cellula_MI_data_780.csv,1,1,True,VERIFIED_MATCH
336,781,cellula_MI_data_781.csv,1,1,True,VERIFIED_MATCH
337,782,cellula_MI_data_782.csv,0,0,True,VERIFIED_MATCH
338,783,cellula_MI_data_783.csv,1,1,True,VERIFIED_MATCH
339,784,cellula_MI_data_784.csv,0,0,True,VERIFIED_MATCH
340,786,cellula_MI_data_786.csv,1,1,True,VERIFIED_MATCH
341,790,cellula_MI_data_790.csv,0,0,True,VERIFIED_MATCH
342,793,cellula_MI_data_793.csv,0,0,True,VERIFIED_MATCH
343,796,cellula_MI_data_796.csv,0,0,True,VERIFIED_MATCH
344,801,cellula_MI_data_801.csv,0,0,True,VERIFIED_MATCH
345,812,cellula_MI_data_812.csv,1,1,True,VERIFIED_MATCH
346,815,cellula_MI_data_815.csv,0,0,True,VERIFIED_MATCH
347,816,cellula_MI_data_816.csv,0,0,True,VERIFIED_MATCH
348,817,cellula_MI_data_817.csv,1,1,True,VERIFIED_MATCH
349,818,cellula_MI_data_818.csv,1,1,True,VERIFIED_MATCH
350,820,cellula_MI_data_820.csv,1,1,True,VERIFIED_MATCH
351,821,cellula_MI_data_821.csv,0,0,True,VERIFIED_MATCH
352,822,cellula_MI_data_822.csv,1,1,True,VERIFIED_MATCH
353,823,cellula_MI_data_823.csv,0,0,True,VERIFIED_MATCH
354,824,cellula_MI_data_824.csv,1,1,True,VERIFIED_MATCH
355,825,cellula_MI_data_825.csv,0,0,True,VERIFIED_MATCH
356,826,cellula_MI_data_826.csv,1,1,True,VERIFIED_MATCH
357,827,cellula_MI_data_827.csv,1,1,True,VERIFIED_MATCH
358,828,cellula_MI_data_828.csv,1,1,True,VERIFIED_MATCH
359,829,cellula_MI_data_829.csv,0,0,True,VERIFIED_MATCH
360,830,cellula_MI_data_830.csv,1,1,True,VERIFIED_MATCH
361,831,cellula_MI_data_831.csv,1,1,True,VERIFIED_MATCH
362,832,cellula_MI_data_832.csv,0,0,True,VERIFIED_MATCH
363,834,cellula_MI_data_834.csv,0,0,True,VERIFIED_MATCH
364,835,cellula_MI_data_835.csv,0,0,True,VERIFIED_MATCH
365,837,cellula_MI_data_837.csv,0,0,True,VERIFIED_MATCH
366,839,cellula_MI_data_839.csv,1,1,True,VERIFIED_MATCH
367,840,cellula_MI_data_840.csv,0,0,True,VERIFIED_MATCH
368,841,cellula_MI_data_841.csv,0,0,True,VERIFIED_MATCH
369,843,cellula_MI_data_843.csv,0,0,True,VERIFIED_MATCH
370,845,cellula_MI_data_845.csv,1,1,True,VERIFIED_MATCH
371,846,cellula_MI_data_846.csv,0,0,True,VERIFIED_MATCH
372,849,cellula_MI_data_849.csv,0,0,True,VERIFIED_MATCH
373,850,cellula_MI_data_850.csv,0,0,True,VERIFIED_MATCH
374,851,cellula_MI_data_851.csv,0,0,True,VERIFIED_MATCH
375,852,cellula_MI_data_852.csv,1,1,True,VERIFIED_MATCH
376,854,cellula_MI_data_854.csv,1,1,True,VERIFIED_MATCH
377,856,cellula_MI_data_856.csv,1,1,True,VERIFIED_MATCH
378,857,cellula_MI_data_857.csv,0,0,True,VERIFIED_MATCH
379,858,cellula_MI_data_858.csv,0,0,True,VERIFIED_MATCH
380,860,cellula_MI_data_860.csv,1,1,True,VERIFIED_MATCH
381,861,cellula_MI_data_861.csv,0,0,True,VERIFIED_MATCH
382,862,cellula_MI_data_862.csv,0,0,True,VERIFIED_MATCH
383,865,cellula_MI_data_865.csv,1,1,True,VERIFIED_MATCH
384,866,cellula_MI_data_866.csv,0,0,True,VERIFIED_MATCH
385,867,cellula_MI_data_867.csv,1,1,True,VERIFIED_MATCH
386,868,cellula_MI_data_868.csv,0,0,True,VERIFIED_MATCH
387,869,cellula_MI_data_869.csv,0,0,True,VERIFIED_MATCH
388,870,cellula_MI_data_870.csv,1,1,True,VERIFIED_MATCH
389,871,cellula_MI_data_871.csv,1,1,True,VERIFIED_MATCH
390,872,cellula_MI_data_872.csv,1,1,True,VERIFIED_MATCH
391,873,cellula_MI_data_873.csv,0,0,True,VERIFIED_MATCH
392,874,cellula_MI_data_874.csv,1,1,True,VERIFIED_MATCH
393,876,cellula_MI_data_876.csv,0,0,True,VERIFIED_MATCH
394,877,cellula_MI_data_877.csv,1,1,True,VERIFIED_MATCH
395,878,cellula_MI_data_878.csv,0,0,True,VERIFIED_MATCH
396,880,cellula_MI_data_880.csv,0,0,True,VERIFIED_MATCH
397,882,cellula_MI_data_882.csv,0,0,True,VERIFIED_MATCH
398,884,cellula_MI_data_884.csv,1,1,True,VERIFIED_MATCH
399,885,cellula_MI_data_885.csv,0,0,True,VERIFIED_MATCH
400,886,cellula_MI_data_886.csv,0,0,True,VERIFIED_MATCH
401,887,cellula_MI_data_887.csv,1,1,True,VERIFIED_MATCH
402,889,cellula_MI_data_889.csv,1,1,True,VERIFIED_MATCH
403,890,cellula_MI_data_890.csv,1,1,True,VERIFIED_MATCH
404,891,cellula_MI_data_891.csv,1,1,True,VERIFIED_MATCH
405,893,cellula_MI_data_893.csv,0,0,True,VERIFIED_MATCH
406,895,cellula_MI_data_895.csv,1,1,True,VERIFIED_MATCH
407,896,cellula_MI_data_896.csv,0,0,True,VERIFIED_MATCH
408,897,cellula_MI_data_897.csv,0,0,True,VERIFIED_MATCH
409,898,cellula_MI_data_898.csv,0,0,True,VERIFIED_MATCH
410,899,cellula_MI_data_899.csv,0,0,True,VERIFIED_MATCH
411,902,cellula_MI_data_902.csv,0,0,True,VERIFIED_MATCH
412,905,cellula_MI_data_905.csv,1,1,True,VERIFIED_MATCH
413,907,cellula_MI_data_907.csv,1,1,True,VERIFIED_MATCH
414,908,cellula_MI_data_908.csv,1,1,True,VERIFIED_MATCH
415,909,cellula_MI_data_909.csv,1,1,True,VERIFIED_MATCH
416,910,cellula_MI_data_910.csv,1,1,True,VERIFIED_MATCH
417,911,cellula_MI_data_911.csv,1,1,True,VERIFIED_MATCH
418,913,cellula_MI_data_913.csv,0,0,True,VERIFIED_MATCH
419,915,cellula_MI_data_915.csv,0,0,True,VERIFIED_MATCH
420,916,cellula_MI_data_916.csv,1,1,True,VERIFIED_MATCH
421,917,cellula_MI_data_917.csv,0,0,True,VERIFIED_MATCH
422,918,cellula_MI_data_918.csv,0,0,True,VERIFIED_MATCH
423,920,cellula_MI_data_920.csv,1,1,True,VERIFIED_MATCH
424,923,cellula_MI_data_923.csv,1,1,True,VERIFIED_MATCH
425,924,cellula_MI_data_924.csv,1,1,True,VERIFIED_MATCH
426,925,cellula_MI_data_925.csv,0,0,True,VERIFIED_MATCH
427,927,cellula_MI_data_927.csv,0,0,True,VERIFIED_MATCH
428,928,cellula_MI_data_928.csv,1,1,True,VERIFIED_MATCH
429,932,cellula_MI_data_932.csv,1,1,True,VERIFIED_MATCH
430,933,cellula_MI_data_933.csv,1,1,True,VERIFIED_MATCH
431,934,cellula_MI_data_934.csv,0,0,True,VERIFIED_MATCH
432,935,cellula_MI_data_935.csv,0,0,True,VERIFIED_MATCH
433,946,cellula_MI_data_946.csv,0,0,True,VERIFIED_MATCH
434,947,cellula_MI_data_947.csv,0,0,True,VERIFIED_MATCH
435,950,cellula_MI_data_950.csv,1,1,True,VERIFIED_MATCH
436,977,cellula_MI_data_977.csv,0,0,True,VERIFIED_MATCH
437,978,cellula_MI_data_978.csv,1,1,True,VERIFIED_MATCH
438,984,cellula_MI_data_984.csv,0,0,True,VERIFIED_MATCH
439,993,cellula_MI_data_993.csv,0,0,True,VERIFIED_MATCH
440,994,cellula_MI_data_994.csv,1,1,True,VERIFIED_MATCH
441,1002,cellula_MI_data_1002.csv,1,1,True,VERIFIED_MATCH
442,1004,cellula_MI_data_1004.csv,0,0,True,VERIFIED_MATCH
443,1005,cellula_MI_data_1005.csv,0,0,True,VERIFIED_MATCH
444,1006,cellula_MI_data_1006.csv,1,1,True,VERIFIED_MATCH
445,1008,cellula_MI_data_1008.csv,1,1,True,VERIFIED_MATCH
446,1027,cellula_MI_data_1027.csv,1,1,True,VERIFIED_MATCH
447,1029,cellula_MI_data_1029.csv,1,1,True,VERIFIED_MATCH
448,1031,cellula_MI_data_1031.csv,0,0,True,VERIFIED_MATCH
449,1032,cellula_MI_data_1032.csv,0,0,True,VERIFIED_MATCH
450,1035,cellula_MI_data_1035.csv,0,0,True,VERIFIED_MATCH
451,1039,cellula_MI_data_1039.csv,1,1,True,VERIFIED_MATCH
452,1040,cellula_MI_data_1040.csv,0,0,True,VERIFIED_MATCH
453,1041,cellula_MI_data_1041.csv,1,1,True,VERIFIED_MATCH
454,1042,cellula_MI_data_1042.csv,1,1,True,VERIFIED_MATCH
455,1044,cellula_MI_data_1044.csv,0,0,True,VERIFIED_MATCH
456,1047,cellula_MI_data_1047.csv,0,0,True,VERIFIED_MATCH
457,1048,cellula_MI_data_1048.csv,0,0,True,VERIFIED_MATCH
458,1049,cellula_MI_data_1049.csv,1,1,True,VERIFIED_MATCH
459,1051,cellula_MI_data_1051.csv,1,1,True,VERIFIED_MATCH
460,1052,cellula_MI_data_1052.csv,1,1,True,VERIFIED_MATCH
461,1053,cellula_MI_data_1053.csv,0,0,True,VERIFIED_MATCH
462,1054,cellula_MI_data_1054.csv,1,1,True,VERIFIED_MATCH
463,1056,cellula_MI_data_1056.csv,0,0,True,VERIFIED_MATCH
464,1058,cellula_MI_data_1058.csv,0,0,True,VERIFIED_MATCH
465,1059,cellula_MI_data_1059.csv,1,1,True,VERIFIED_MATCH
466,1061,cellula_MI_data_1061.csv,0,0,True,VERIFIED_MATCH
467,1062,cellula_MI_data_1062.csv,1,1,True,VERIFIED_MATCH
468,1064,cellula_MI_data_1064.csv,0,0,True,VERIFIED_MATCH
469,1067,cellula_MI_data_1067.csv,0,0,True,VERIFIED_MATCH
470,1068,cellula_MI_data_1068.csv,0,0,True,VERIFIED_MATCH
471,1069,cellula_MI_data_1069.csv,1,1,True,VERIFIED_MATCH
472,1071,cellula_MI_data_1071.csv,1,1,True,VERIFIED_MATCH
473,1072,cellula_MI_data_1072.csv,0,0,True,VERIFIED_MATCH
474,1081,cellula_MI_data_1081.csv,0,0,True,VERIFIED_MATCH
475,1083,cellula_MI_data_1083.csv,1,1,True,VERIFIED_MATCH
476,1085,cellula_MI_data_1085.csv,0,0,True,VERIFIED_MATCH
477,1086,cellula_MI_data_1086.csv,1,1,True,VERIFIED_MATCH
478,1088,cellula_MI_data_1088.csv,0,0,True,VERIFIED_MATCH
479,1089,cellula_MI_data_1089.csv,0,0,True,VERIFIED_MATCH
480,1090,cellula_MI_data_1090.csv,0,0,True,VERIFIED_MATCH
481,1092,cellula_MI_data_1092.csv,1,1,True,VERIFIED_MATCH
482,1093,cellula_MI_data_1093.csv,1,1,True,VERIFIED_MATCH
483,1094,cellula_MI_data_1094.csv,1,1,True,VERIFIED_MATCH
484,1095,cellula_MI_data_1095.csv,0,0,True,VERIFIED_MATCH
485,1097,cellula_MI_data_1097.csv,1,1,True,VERIFIED_MATCH
486,1100,cellula_MI_data_1100.csv,0,0,True,VERIFIED_MATCH
487,1102,cellula_MI_data_1102.csv,1,1,True,VERIFIED_MATCH
488,1104,cellula_MI_data_1104.csv,1,1,True,VERIFIED_MATCH
489,1105,cellula_MI_data_1105.csv,0,0,True,VERIFIED_MATCH
490,1107,cellula_MI_data_1107.csv,0,0,True,VERIFIED_MATCH
491,1119,cellula_MI_data_1119.csv,1,1,True,VERIFIED_MATCH
492,1121,cellula_MI_data_1121.csv,1,1,True,VERIFIED_MATCH
493,1122,cellula_MI_data_1122.csv,1,1,True,VERIFIED_MATCH
494,1123,cellula_MI_data_1123.csv,0,0,True,VERIFIED_MATCH
495,1124,cellula_MI_data_1124.csv,0,0,True,VERIFIED_MATCH
496,1125,cellula_MI_data_1125.csv,1,1,True,VERIFIED_MATCH
497,1127,cellula_MI_data_1127.csv,1,1,True,VERIFIED_MATCH
498,1132,cellula_MI_data_1132.csv,1,1,True,VERIFIED_MATCH
499,1133,cellula_MI_data_1133.csv,0,0,True,VERIFIED_MATCH
500,1134,cellula_MI_data_1134.csv,1,1,True,VERIFIED_MATCH
501,1137,cellula_MI_data_1137.csv,0,0,True,VERIFIED_MATCH
502,1138,cellula_MI_data_1138.csv,1,1,True,VERIFIED_MATCH
503,1139,cellula_MI_data_1139.csv,1,1,True,VERIFIED_MATCH
504,1140,cellula_MI_data_1140.csv,1,1,True,VERIFIED_MATCH
505,1141,cellula_MI_data_1141.csv,0,0,True,VERIFIED_MATCH
506,1144,cellula_MI_data_1144.csv,1,1,True,VERIFIED_MATCH
507,1148,cellula_MI_data_1148.csv,1,1,True,VERIFIED_MATCH
508,1149,cellula_MI_data_1149.csv,0,0,True,VERIFIED_MATCH
509,1150,cellula_MI_data_1150.csv,0,0,True,VERIFIED_MATCH
510,1152,cellula_MI_data_1152.csv,0,0,True,VERIFIED_MATCH
511,1153,cellula_MI_data_1153.csv,0,0,True,VERIFIED_MATCH
512,1154,cellula_MI_data_1154.csv,0,0,True,VERIFIED_MATCH
513,1159,cellula_MI_data_1159.csv,0,0,True,VERIFIED_MATCH
514,1161,cellula_MI_data_1161.csv,0,0,True,VERIFIED_MATCH
515,1163,cellula_MI_data_1163.csv,0,0,True,VERIFIED_MATCH
516,1166,cellula_MI_data_1166.csv,0,0,True,VERIFIED_MATCH
517,1168,cellula_MI_data_1168.csv,1,1,True,VERIFIED_MATCH
518,1169,cellula_MI_data_1169.csv,0,0,True,VERIFIED_MATCH
519,1170,cellula_MI_data_1170.csv,0,0,True,VERIFIED_MATCH
520,1171,cellula_MI_data_1171.csv,0,0,True,VERIFIED_MATCH
521,1172,cellula_MI_data_1172.csv,1,1,True,VERIFIED_MATCH
522,1175,cellula_MI_data_1175.csv,1,1,True,VERIFIED_MATCH
523,1177,cellula_MI_data_1177.csv,0,0,True,VERIFIED_MATCH
524,1178,cellula_MI_data_1178.csv,1,1,True,VERIFIED_MATCH
525,1179,cellula_MI_data_1179.csv,1,1,True,VERIFIED_MATCH
526,1181,cellula_MI_data_1181.csv,1,1,True,VERIFIED_MATCH
527,1182,cellula_MI_data_1182.csv,0,0,True,VERIFIED_MATCH
528,1183,cellula_MI_data_1183.csv,1,1,True,VERIFIED_MATCH
529,1184,cellula_MI_data_1184.csv,0,0,True,VERIFIED_MATCH
530,1186,cellula_MI_data_1186.csv,0,0,True,VERIFIED_MATCH
531,1187,cellula_MI_data_1187.csv,0,0,True,VERIFIED_MATCH
532,1189,cellula_MI_data_1189.csv,1,1,True,VERIFIED_MATCH
533,1192,cellula_MI_data_1192.csv,0,0,True,VERIFIED_MATCH
534,1193,cellula_MI_data_1193.csv,0,0,True,VERIFIED_MATCH
535,1195,cellula_MI_data_1195.csv,1,1,True,VERIFIED_MATCH
536,1196,cellula_MI_data_1196.csv,0,0,True,VERIFIED_MATCH
537,1200,cellula_MI_data_1200.csv,1,1,True,VERIFIED_MATCH
538,1201,cellula_MI_data_1201.csv,0,0,True,VERIFIED_MATCH
539,1203,cellula_MI_data_1203.csv,0,0,True,VERIFIED_MATCH
540,1204,cellula_MI_data_1204.csv,0,0,True,VERIFIED_MATCH
541,1219,cellula_MI_data_1219.csv,0,0,True,VERIFIED_MATCH
542,1223,cellula_MI_data_1223.csv,1,1,True,VERIFIED_MATCH
543,1224,cellula_MI_data_1224.csv,1,1,True,VERIFIED_MATCH
544,1226,cellula_MI_data_1226.csv,0,0,True,VERIFIED_MATCH
545,1228,cellula_MI_data_1228.csv,1,1,True,VERIFIED_MATCH
546,1229,cellula_MI_data_1229.csv,1,1,True,VERIFIED_MATCH
547,1233,cellula_MI_data_1233.csv,1,1,True,VERIFIED_MATCH
548,1237,cellula_MI_data_1237.csv,1,1,True,VERIFIED_MATCH
549,1238,cellula_MI_data_1238.csv,0,0,True,VERIFIED_MATCH
550,1244,cellula_MI_data_1244.csv,0,0,True,VERIFIED_MATCH
551,1248,cellula_MI_data_1248.csv,0,0,True,VERIFIED_MATCH
552,1249,cellula_MI_data_1249.csv,1,1,True,VERIFIED_MATCH
553,1252,cellula_MI_data_1252.csv,1,1,True,VERIFIED_MATCH
554,1255,cellula_MI_data_1255.csv,0,0,True,VERIFIED_MATCH
555,1258,cellula_MI_data_1258.csv,1,1,True,VERIFIED_MATCH
556,1259,cellula_MI_data_1259.csv,1,1,True,VERIFIED_MATCH
557,1260,cellula_MI_data_1260.csv,1,1,True,VERIFIED_MATCH
558,1279,cellula_MI_data_1279.csv,1,1,True,VERIFIED_MATCH
559,1281,cellula_MI_data_1281.csv,0,0,True,VERIFIED_MATCH
560,1283,cellula_MI_data_1283.csv,0,0,True,VERIFIED_MATCH
561,1287,cellula_MI_data_1287.csv,1,1,True,VERIFIED_MATCH
562,1307,cellula_MI_data_1307.csv,0,0,True,VERIFIED_MATCH
563,1316,cellula_MI_data_1316.csv,0,0,True,VERIFIED_MATCH
564,1320,cellula_MI_data_1320.csv,0,0,True,VERIFIED_MATCH
565,1328,cellula_MI_data_1328.csv,1,1,True,VERIFIED_MATCH
566,1344,cellula_MI_data_1344.csv,0,0,True,VERIFIED_MATCH
567,1346,cellula_MI_data_1346.csv,0,0,True,VERIFIED_MATCH
568,1347,cellula_MI_data_1347.csv,1,1,True,VERIFIED_MATCH
569,1349,cellula_MI_data_1349.csv,0,0,True,VERIFIED_MATCH
570,1355,cellula_MI_data_1355.csv,1,1,True,VERIFIED_MATCH
571,1358,cellula_MI_data_1358.csv,1,1,True,VERIFIED_MATCH
572,1360,cellula_MI_data_1360.csv,1,1,True,VERIFIED_MATCH
573,1365,cellula_MI_data_1365.csv,1,1,True,VERIFIED_MATCH
574,1369,cellula_MI_data_1369.csv,1,1,True,VERIFIED_MATCH
575,1370,cellula_MI_data_1370.csv,1,1,True,VERIFIED_MATCH
576,1372,cellula_MI_data_1372.csv,0,0,True,VERIFIED_MATCH
577,1374,cellula_MI_data_1374.csv,1,1,True,VERIFIED_MATCH
578,1376,cellula_MI_data_1376.csv,0,0,True,VERIFIED_MATCH
579,1380,cellula_MI_data_1380.csv,1,1,True,VERIFIED_MATCH
580,1382,cellula_MI_data_1382.csv,1,1,True,VERIFIED_MATCH
581,1385,cellula_MI_data_1385.csv,1,1,True,VERIFIED_MATCH
582,1395,cellula_MI_data_1395.csv,1,1,True,VERIFIED_MATCH
583,1396,cellula_MI_data_1396.csv,0,0,True,VERIFIED_MATCH
584,1428,cellula_MI_data_1428.csv,0,0,True,VERIFIED_MATCH
585,1429,cellula_MI_data_1429.csv,1,1,True,VERIFIED_MATCH
586,1430,cellula_MI_data_1430.csv,0,0,True,VERIFIED_MATCH
587,1431,cellula_MI_data_1431.csv,0,0,True,VERIFIED_MATCH
588,1437,cellula_MI_data_1437.csv,1,1,True,VERIFIED_MATCH
589,1438,cellula_MI_data_1438.csv,0,0,True,VERIFIED_MATCH
590,1439,cellula_MI_data_1439.csv,0,0,True,VERIFIED_MATCH
591,1441,cellula_MI_data_1441.csv,1,1,True,VERIFIED_MATCH
592,1442,cellula_MI_data_1442.csv,1,1,True,VERIFIED_MATCH
593,1443,cellula_MI_data_1443.csv,1,1,True,VERIFIED_MATCH
594,1446,cellula_MI_data_1446.csv,0,0,True,VERIFIED_MATCH
595,1447,cellula_MI_data_1447.csv,1,1,True,VERIFIED_MATCH
596,1451,cellula_MI_data_1451.csv,0,0,True,VERIFIED_MATCH
597,1452,cellula_MI_data_1452.csv,0,0,True,VERIFIED_MATCH
598,1454,cellula_MI_data_1454.csv,1,1,True,VERIFIED_MATCH
599,1457,cellula_MI_data_1457.csv,0,0,True,VERIFIED_MATCH
600,1458,cellula_MI_data_1458.csv,0,0,True,VERIFIED_MATCH
601,1459,cellula_MI_data_1459.csv,1,1,True,VERIFIED_MATCH
602,1460,cellula_MI_data_1460.csv,0,0,True,VERIFIED_MATCH
603,1461,cellula_MI_data_1461.csv,1,1,True,VERIFIED_MATCH
604,1466,cellula_MI_data_1466.csv,1,1,True,VERIFIED_MATCH
605,1468,cellula_MI_data_1468.csv,1,1,True,VERIFIED_MATCH
606,1469,cellula_MI_data_1469.csv,0,0,True,VERIFIED_MATCH
607,1470,cellula_MI_data_1470.csv,0,0,True,VERIFIED_MATCH
608,1471,cellula_MI_data_1471.csv,1,1,True,VERIFIED_MATCH
609,1472,cellula_MI_data_1472.csv,0,0,True,VERIFIED_MATCH
610,1473,cellula_MI_data_1473.csv,1,1,True,VERIFIED_MATCH
611,1474,cellula_MI_data_1474.csv,0,0,True,VERIFIED_MATCH
612,1475,cellula_MI_data_1475.csv,1,1,True,VERIFIED_MATCH
613,1476,cellula_MI_data_1476.csv,0,0,True,VERIFIED_MATCH
614,1478,cellula_MI_data_1478.csv,0,0,True,VERIFIED_MATCH
615,1481,cellula_MI_data_1481.csv,0,0,True,VERIFIED_MATCH
616,1482,cellula_MI_data_1482.csv,1,1,True,VERIFIED_MATCH
617,1484,cellula_MI_data_1484.csv,1,1,True,VERIFIED_MATCH
618,1486,cellula_MI_data_1486.csv,0,0,True,VERIFIED_MATCH
619,1487,cellula_MI_data_1487.csv,1,1,True,VERIFIED_MATCH
620,1488,cellula_MI_data_1488.csv,1,1,True,VERIFIED_MATCH
621,1489,cellula_MI_data_1489.csv,0,0,True,VERIFIED_MATCH
622,1494,cellula_MI_data_1494.csv,1,1,True,VERIFIED_MATCH
623,1495,cellula_MI_data_1495.csv,1,1,True,VERIFIED_MATCH
624,1497,cellula_MI_data_1497.csv,0,0,True,VERIFIED_MATCH
625,1504,cellula_MI_data_1504.csv,0,0,True,VERIFIED_MATCH
626,1505,cellula_MI_data_1505.csv,0,0,True,VERIFIED_MATCH
627,1507,cellula_MI_data_1507.csv,1,1,True,VERIFIED_MATCH
628,1510,cellula_MI_data_1510.csv,1,1,True,VERIFIED_MATCH
629,1511,cellula_MI_data_1511.csv,1,1,True,VERIFIED_MATCH
630,1513,cellula_MI_data_1513.csv,0,0,True,VERIFIED_MATCH
631,1514,cellula_MI_data_1514.csv,0,0,True,VERIFIED_MATCH
632,1515,cellula_MI_data_1515.csv,1,1,True,VERIFIED_MATCH
633,1516,cellula_MI_data_1516.csv,1,1,True,VERIFIED_MATCH
634,1517,cellula_MI_data_1517.csv,1,1,True,VERIFIED_MATCH
635,1519,cellula_MI_data_1519.csv,0,0,True,VERIFIED_MATCH
636,1520,cellula_MI_data_1520.csv,1,1,True,VERIFIED_MATCH
637,1522,cellula_MI_data_1522.csv,1,1,True,VERIFIED_MATCH
638,1525,cellula_MI_data_1525.csv,1,1,True,VERIFIED_MATCH
639,1526,cellula_MI_data_1526.csv,0,0,True,VERIFIED_MATCH
640,1527,cellula_MI_data_1527.csv,1,1,True,VERIFIED_MATCH
641,1529,cellula_MI_data_1529.csv,1,1,True,VERIFIED_MATCH
642,1531,cellula_MI_data_1531.csv,0,0,True,VERIFIED_MATCH
643,1532,cellula_MI_data_1532.csv,0,0,True,VERIFIED_MATCH
644,1533,cellula_MI_data_1533.csv,0,0,True,VERIFIED_MATCH
645,1534,cellula_MI_data_1534.csv,1,1,True,VERIFIED_MATCH
646,1536,cellula_MI_data_1536.csv,1,1,True,VERIFIED_MATCH
647,1537,cellula_MI_data_1537.csv,0,0,True,VERIFIED_MATCH
648,1538,cellula_MI_data_1538.csv,1,1,True,VERIFIED_MATCH
649,1539,cellula_MI_data_1539.csv,0,0,True,VERIFIED_MATCH
650,1546,cellula_MI_data_1546.csv,0,0,True,VERIFIED_MATCH
651,1547,cellula_MI_data_1547.csv,0,0,True,VERIFIED_MATCH
652,1548,cellula_MI_data_1548.csv,1,1,True,VERIFIED_MATCH
653,1550,cellula_MI_data_1550.csv,1,1,True,VERIFIED_MATCH
654,1551,cellula_MI_data_1551.csv,1,1,True,VERIFIED_MATCH
655,1552,cellula_MI_data_1552.csv,0,0,True,VERIFIED_MATCH
656,1553,cellula_MI_data_1553.csv,0,0,True,VERIFIED_MATCH
657,1554,cellula_MI_data_1554.csv,0,0,True,VERIFIED_MATCH
658,1556,cellula_MI_data_1556.csv,1,1,True,VERIFIED_MATCH
659,1557,cellula_MI_data_1557.csv,0,0,True,VERIFIED_MATCH
660,1558,cellula_MI_data_1558.csv,0,0,True,VERIFIED_MATCH
661,1559,cellula_MI_data_1559.csv,0,0,True,VERIFIED_MATCH
662,1560,cellula_MI_data_1560.csv,0,0,True,VERIFIED_MATCH
663,1562,cellula_MI_data_1562.csv,1,1,True,VERIFIED_MATCH
664,1563,cellula_MI_data_1563.csv,1,1,True,VERIFIED_MATCH
665,1564,cellula_MI_data_1564.csv,0,0,True,VERIFIED_MATCH
666,1566,cellula_MI_data_1566.csv,0,0,True,VERIFIED_MATCH
667,1567,cellula_MI_data_1567.csv,1,1,True,VERIFIED_MATCH
668,1568,cellula_MI_data_1568.csv,0,0,True,VERIFIED_MATCH
669,1569,cellula_MI_data_1569.csv,0,0,True,VERIFIED_MATCH
670,1570,cellula_MI_data_1570.csv,0,0,True,VERIFIED_MATCH
671,1571,cellula_MI_data_1571.csv,0,0,True,VERIFIED_MATCH
672,1572,cellula_MI_data_1572.csv,0,0,True,VERIFIED_MATCH
673,1573,cellula_MI_data_1573.csv,1,1,True,VERIFIED_MATCH
674,1574,cellula_MI_data_1574.csv,1,1,True,VERIFIED_MATCH
675,1575,cellula_MI_data_1575.csv,0,0,True,VERIFIED_MATCH
676,1576,cellula_MI_data_1576.csv,1,1,True,VERIFIED_MATCH
677,1577,cellula_MI_data_1577.csv,0,0,True,VERIFIED_MATCH
678,1578,cellula_MI_data_1578.csv,0,0,True,VERIFIED_MATCH
679,1580,cellula_MI_data_1580.csv,1,1,True,VERIFIED_MATCH
680,1582,cellula_MI_data_1582.csv,1,1,True,VERIFIED_MATCH
681,1583,cellula_MI_data_1583.csv,0,0,True,VERIFIED_MATCH
682,1584,cellula_MI_data_1584.csv,1,1,True,VERIFIED_MATCH
683,1585,cellula_MI_data_1585.csv,0,0,True,VERIFIED_MATCH
684,1588,cellula_MI_data_1588.csv,1,1,True,VERIFIED_MATCH
685,1589,cellula_MI_data_1589.csv,0,0,True,VERIFIED_MATCH
686,1591,cellula_MI_data_1591.csv,0,0,True,VERIFIED_MATCH
687,1592,cellula_MI_data_1592.csv,1,1,True,VERIFIED_MATCH
688,1593,cellula_MI_data_1593.csv,1,1,True,VERIFIED_MATCH
689,1595,cellula_MI_data_1595.csv,0,0,True,VERIFIED_MATCH
690,1596,cellula_MI_data_1596.csv,0,0,True,VERIFIED_MATCH
691,1597,cellula_MI_data_1597.csv,0,0,True,VERIFIED_MATCH
692,1599,cellula_MI_data_1599.csv,0,0,True,VERIFIED_MATCH
693,1600,cellula_MI_data_1600.csv,1,1,True,VERIFIED_MATCH
694,1601,cellula_MI_data_1601.csv,0,0,True,VERIFIED_MATCH
695,1602,cellula_MI_data_1602.csv,0,0,True,VERIFIED_MATCH
696,1604,cellula_MI_data_1604.csv,1,1,True,VERIFIED_MATCH
697,1608,cellula_MI_data_1608.csv,1,1,True,VERIFIED_MATCH
698,1609,cellula_MI_data_1609.csv,0,0,True,VERIFIED_MATCH
699,1610,cellula_MI_data_1610.csv,1,1,True,VERIFIED_MATCH
700,1611,cellula_MI_data_1611.csv,0,0,True,VERIFIED_MATCH
701,1612,cellula_MI_data_1612.csv,0,0,True,VERIFIED_MATCH
702,1614,cellula_MI_data_1614.csv,1,1,True,VERIFIED_MATCH
703,1617,cellula_MI_data_1617.csv,1,1,True,VERIFIED_MATCH
704,1618,cellula_MI_data_1618.csv,0,0,True,VERIFIED_MATCH
705,1619,cellula_MI_data_1619.csv,1,1,True,VERIFIED_MATCH
706,1620,cellula_MI_data_1620.csv,1,1,True,VERIFIED_MATCH
707,1622,cellula_MI_data_1622.csv,0,0,True,VERIFIED_MATCH
708,1623,cellula_MI_data_1623.csv,1,1,True,VERIFIED_MATCH
709,1624,cellula_MI_data_1624.csv,0,0,True,VERIFIED_MATCH
710,1627,cellula_MI_data_1627.csv,0,0,True,VERIFIED_MATCH
711,1629,cellula_MI_data_1629.csv,1,1,True,VERIFIED_MATCH
712,1630,cellula_MI_data_1630.csv,0,0,True,VERIFIED_MATCH
713,1631,cellula_MI_data_1631.csv,0,0,True,VERIFIED_MATCH
714,1632,cellula_MI_data_1632.csv,0,0,True,VERIFIED_MATCH
715,1636,cellula_MI_data_1636.csv,1,1,True,VERIFIED_MATCH
716,1637,cellula_MI_data_1637.csv,0,0,True,VERIFIED_MATCH
717,1638,cellula_MI_data_1638.csv,0,0,True,VERIFIED_MATCH
718,1639,cellula_MI_data_1639.csv,0,0,True,VERIFIED_MATCH
719,1640,cellula_MI_data_1640.csv,1,1,True,VERIFIED_MATCH
720,1641,cellula_MI_data_1641.csv,1,1,True,VERIFIED_MATCH
721,1643,cellula_MI_data_1643.csv,0,0,True,VERIFIED_MATCH
722,1649,cellula_MI_data_1649.csv,0,0,True,VERIFIED_MATCH
723,1654,cellula_MI_data_1654.csv,0,0,True,VERIFIED_MATCH
724,1655,cellula_MI_data_1655.csv,0,0,True,VERIFIED_MATCH
725,1656,cellula_MI_data_1656.csv,0,0,True,VERIFIED_MATCH
726,1659,cellula_MI_data_1659.csv,0,0,True,VERIFIED_MATCH
727,1660,cellula_MI_data_1660.csv,1,1,True,VERIFIED_MATCH
728,1661,cellula_MI_data_1661.csv,1,1,True,VERIFIED_MATCH
729,1662,cellula_MI_data_1662.csv,0,0,True,VERIFIED_MATCH
730,1663,cellula_MI_data_1663.csv,0,0,True,VERIFIED_MATCH
731,1665,cellula_MI_data_1665.csv,0,0,True,VERIFIED_MATCH
732,1668,cellula_MI_data_1668.csv,0,0,True,VERIFIED_MATCH
733,1669,cellula_MI_data_1669.csv,1,1,True,VERIFIED_MATCH
734,1670,cellula_MI_data_1670.csv,1,1,True,VERIFIED_MATCH
735,1671,cellula_MI_data_1671.csv,1,1,True,VERIFIED_MATCH
736,1673,cellula_MI_data_1673.csv,0,0,True,VERIFIED_MATCH
737,1674,cellula_MI_data_1674.csv,1,1,True,VERIFIED_MATCH
738,1675,cellula_MI_data_1675.csv,0,0,True,VERIFIED_MATCH
739,1676,cellula_MI_data_1676.csv,0,0,True,VERIFIED_MATCH
740,1678,cellula_MI_data_1678.csv,1,1,True,VERIFIED_MATCH
741,1680,cellula_MI_data_1680.csv,1,1,True,VERIFIED_MATCH
742,1684,cellula_MI_data_1684.csv,1,1,True,VERIFIED_MATCH
743,1685,cellula_MI_data_1685.csv,1,1,True,VERIFIED_MATCH
744,1686,cellula_MI_data_1686.csv,0,0,True,VERIFIED_MATCH
745,1687,cellula_MI_data_1687.csv,1,1,True,VERIFIED_MATCH
746,1688,cellula_MI_data_1688.csv,0,0,True,VERIFIED_MATCH
747,1689,cellula_MI_data_1689.csv,1,1,True,VERIFIED_MATCH
748,1692,cellula_MI_data_1692.csv,1,1,True,VERIFIED_MATCH
749,1694,cellula_MI_data_1694.csv,1,1,True,VERIFIED_MATCH
750,1695,cellula_MI_data_1695.csv,0,0,True,VERIFIED_MATCH
751,1697,cellula_MI_data_1697.csv,0,0,True,VERIFIED_MATCH
752,1698,cellula_MI_data_1698.csv,1,1,True,VERIFIED_MATCH
753,1699,cellula_MI_data_1699.csv,1,1,True,VERIFIED_MATCH
754,1700,cellula_MI_data_1700.csv,1,1,True,VERIFIED_MATCH
755,1701,cellula_MI_data_1701.csv,0,0,True,VERIFIED_MATCH
756,1702,cellula_MI_data_1702.csv,0,0,True,VERIFIED_MATCH
757,1705,cellula_MI_data_1705.csv,1,1,True,VERIFIED_MATCH
758,1706,cellula_MI_data_1706.csv,1,1,True,VERIFIED_MATCH
759,1707,cellula_MI_data_1707.csv,0,0,True,VERIFIED_MATCH
760,1710,cellula_MI_data_1710.csv,1,1,True,VERIFIED_MATCH
761,1711,cellula_MI_data_1711.csv,0,0,True,VERIFIED_MATCH
762,1712,cellula_MI_data_1712.csv,1,1,True,VERIFIED_MATCH
763,1713,cellula_MI_data_1713.csv,1,1,True,VERIFIED_MATCH
764,1714,cellula_MI_data_1714.csv,1,1,True,VERIFIED_MATCH
765,1715,cellula_MI_data_1715.csv,0,0,True,VERIFIED_MATCH
766,1717,cellula_MI_data_1717.csv,1,1,True,VERIFIED_MATCH
767,1718,cellula_MI_data_1718.csv,1,1,True,VERIFIED_MATCH
768,1719,cellula_MI_data_1719.csv,1,1,True,VERIFIED_MATCH
769,1720,cellula_MI_data_1720.csv,0,0,True,VERIFIED_MATCH
770,1722,cellula_MI_data_1722.csv,1,1,True,VERIFIED_MATCH
771,1725,cellula_MI_data_1725.csv,1,1,True,VERIFIED_MATCH
772,1726,cellula_MI_data_1726.csv,0,0,True,VERIFIED_MATCH
773,1728,cellula_MI_data_1728.csv,0,0,True,VERIFIED_MATCH
774,1730,cellula_MI_data_1730.csv,0,0,True,VERIFIED_MATCH
775,1731,cellula_MI_data_1731.csv,0,0,True,VERIFIED_MATCH
776,1733,cellula_MI_data_1733.csv,1,1,True,VERIFIED_MATCH
777,1734,cellula_MI_data_1734.csv,0,0,True,VERIFIED_MATCH
778,1737,cellula_MI_data_1737.csv,1,1,True,VERIFIED_MATCH
779,1738,cellula_MI_data_1738.csv,0,0,True,VERIFIED_MATCH
780,1739,cellula_MI_data_1739.csv,0,0,True,VERIFIED_MATCH
781,1740,cellula_MI_data_1740.csv,0,0,True,VERIFIED_MATCH
782,1741,cellula_MI_data_1741.csv,0,0,True,VERIFIED_MATCH
783,1742,cellula_MI_data_1742.csv,0,0,True,VERIFIED_MATCH
784,1743,cellula_MI_data_1743.csv,1,1,True,VERIFIED_MATCH
785,1744,cellula_MI_data_1744.csv,0,0,True,VERIFIED_MATCH
786,1746,cellula_MI_data_1746.csv,0,0,True,VERIFIED_MATCH
787,1747,cellula_MI_data_1747.csv,0,0,True,VERIFIED_MATCH
788,1748,cellula_MI_data_1748.csv,1,1,True,VERIFIED_MATCH
789,1749,cellula_MI_data_1749.csv,0,0,True,VERIFIED_MATCH
790,1750,cellula_MI_data_1750.csv,1,1,True,VERIFIED_MATCH
791,1752,cellula_MI_data_1752.csv,0,0,True,VERIFIED_MATCH
792,1753,cellula_MI_data_1753.csv,1,1,True,VERIFIED_MATCH
793,1754,cellula_MI_data_1754.csv,0,0,True,VERIFIED_MATCH
794,1755,cellula_MI_data_1755.csv,0,0,True,VERIFIED_MATCH
795,1756,cellula_MI_data_1756.csv,1,1,True,VERIFIED_MATCH
796,1757,cellula_MI_data_1757.csv,0,0,True,VERIFIED_MATCH
797,1758,cellula_MI_data_1758.csv,1,1,True,VERIFIED_MATCH
798,1759,cellula_MI_data_1759.csv,0,0,True,VERIFIED_MATCH
799,1760,cellula_MI_data_1760.csv,1,1,True,VERIFIED_MATCH
800,1761,cellula_MI_data_1761.csv,0,0,True,VERIFIED_MATCH
801,1763,cellula_MI_data_1763.csv,0,0,True,VERIFIED_MATCH
802,1764,cellula_MI_data_1764.csv,0,0,True,VERIFIED_MATCH
803,1766,cellula_MI_data_1766.csv,0,0,True,VERIFIED_MATCH
804,1767,cellula_MI_data_1767.csv,1,1,True,VERIFIED_MATCH
805,1771,cellula_MI_data_1771.csv,0,0,True,VERIFIED_MATCH
806,1772,cellula_MI_data_1772.csv,1,1,True,VERIFIED_MATCH
807,1773,cellula_MI_data_1773.csv,0,0,True,VERIFIED_MATCH
808,1774,cellula_MI_data_1774.csv,1,1,True,VERIFIED_MATCH
809,1775,cellula_MI_data_1775.csv,0,0,True,VERIFIED_MATCH
810,1776,cellula_MI_data_1776.csv,1,1,True,VERIFIED_MATCH
811,1777,cellula_MI_data_1777.csv,0,0,True,VERIFIED_MATCH
812,1778,cellula_MI_data_1778.csv,0,0,True,VERIFIED_MATCH
813,1779,cellula_MI_data_1779.csv,0,0,True,VERIFIED_MATCH
814,1780,cellula_MI_data_1780.csv,0,0,True,VERIFIED_MATCH
815,1781,cellula_MI_data_1781.csv,0,0,True,VERIFIED_MATCH
816,1782,cellula_MI_data_1782.csv,1,1,True,VERIFIED_MATCH
817,1783,cellula_MI_data_1783.csv,1,1,True,VERIFIED_MATCH
818,1784,cellula_MI_data_1784.csv,0,0,True,VERIFIED_MATCH
819,1785,cellula_MI_data_1785.csv,1,1,True,VERIFIED_MATCH
820,1787,cellula_MI_data_1787.csv,1,1,True,VERIFIED_MATCH
821,1789,cellula_MI_data_1789.csv,0,0,True,VERIFIED_MATCH
822,1790,cellula_MI_data_1790.csv,1,1,True,VERIFIED_MATCH
823,1801,cellula_MI_data_1801.csv,0,0,True,VERIFIED_MATCH
824,1802,cellula_MI_data_1802.csv,1,1,True,VERIFIED_MATCH
825,1803,cellula_MI_data_1803.csv,0,0,True,VERIFIED_MATCH
826,1804,cellula_MI_data_1804.csv,0,0,True,VERIFIED_MATCH
827,1805,cellula_MI_data_1805.csv,1,1,True,VERIFIED_MATCH
828,1806,cellula_MI_data_1806.csv,1,1,True,VERIFIED_MATCH
829,1807,cellula_MI_data_1807.csv,0,0,True,VERIFIED_MATCH
830,1808,cellula_MI_data_1808.csv,1,1,True,VERIFIED_MATCH
831,1809,cellula_MI_data_1809.csv,1,1,True,VERIFIED_MATCH
832,1811,cellula_MI_data_1811.csv,1,1,True,VERIFIED_MATCH
833,1814,cellula_MI_data_1814.csv,0,0,True,VERIFIED_MATCH
834,1815,cellula_MI_data_1815.csv,1,1,True,VERIFIED_MATCH
835,1816,cellula_MI_data_1816.csv,1,1,True,VERIFIED_MATCH
836,1817,cellula_MI_data_1817.csv,1,1,True,VERIFIED_MATCH
837,1821,cellula_MI_data_1821.csv,1,1,True,VERIFIED_MATCH
838,1822,cellula_MI_data_1822.csv,0,0,True,VERIFIED_MATCH
839,1823,cellula_MI_data_1823.csv,0,0,True,VERIFIED_MATCH
840,1824,cellula_MI_data_1824.csv,1,1,True,VERIFIED_MATCH
841,1825,cellula_MI_data_1825.csv,1,1,True,VERIFIED_MATCH
842,1826,cellula_MI_data_1826.csv,1,1,True,VERIFIED_MATCH
843,1827,cellula_MI_data_1827.csv,0,0,True,VERIFIED_MATCH
844,1829,cellula_MI_data_1829.csv,0,0,True,VERIFIED_MATCH
845,1830,cellula_MI_data_1830.csv,0,0,True,VERIFIED_MATCH
846,1832,cellula_MI_data_1832.csv,0,0,True,VERIFIED_MATCH
847,1834,cellula_MI_data_1834.csv,1,1,True,VERIFIED_MATCH
848,1835,cellula_MI_data_1835.csv,0,0,True,VERIFIED_MATCH
849,1837,cellula_MI_data_1837.csv,1,1,True,VERIFIED_MATCH
850,1838,cellula_MI_data_1838.csv,1,1,True,VERIFIED_MATCH
851,1839,cellula_MI_data_1839.csv,0,0,True,VERIFIED_MATCH
852,1840,cellula_MI_data_1840.csv,1,1,True,VERIFIED_MATCH
853,1847,cellula_MI_data_1847.csv,0,0,True,VERIFIED_MATCH
854,1848,cellula_MI_data_1848.csv,0,0,True,VERIFIED_MATCH
855,1849,cellula_MI_data_1849.csv,0,0,True,VERIFIED_MATCH
856,1851,cellula_MI_data_1851.csv,0,0,True,VERIFIED_MATCH
857,1853,cellula_MI_data_1853.csv,0,0,True,VERIFIED_MATCH
858,1854,cellula_MI_data_1854.csv,1,1,True,VERIFIED_MATCH
859,1855,cellula_MI_data_1855.csv,1,1,True,VERIFIED_MATCH
860,1856,cellula_MI_data_1856.csv,1,1,True,VERIFIED_MATCH
861,1859,cellula_MI_data_1859.csv,0,0,True,VERIFIED_MATCH
862,1860,cellula_MI_data_1860.csv,1,1,True,VERIFIED_MATCH
863,1861,cellula_MI_data_1861.csv,1,1,True,VERIFIED_MATCH
864,1864,cellula_MI_data_1864.csv,0,0,True,VERIFIED_MATCH
865,1865,cellula_MI_data_1865.csv,0,0,True,VERIFIED_MATCH
866,1866,cellula_MI_data_1866.csv,1,1,True,VERIFIED_MATCH
867,1868,cellula_MI_data_1868.csv,0,0,True,VERIFIED_MATCH
868,1869,cellula_MI_data_1869.csv,0,0,True,VERIFIED_MATCH
869,1871,cellula_MI_data_1871.csv,0,0,True,VERIFIED_MATCH
870,1873,cellula_MI_data_1873.csv,1,1,True,VERIFIED_MATCH
871,1874,cellula_MI_data_1874.csv,0,0,True,VERIFIED_MATCH
872,1875,cellula_MI_data_1875.csv,0,0,True,VERIFIED_MATCH
873,1876,cellula_MI_data_1876.csv,1,1,True,VERIFIED_MATCH
874,1877,cellula_MI_data_1877.csv,1,1,True,VERIFIED_MATCH
875,1878,cellula_MI_data_1878.csv,0,0,True,VERIFIED_MATCH
876,1879,cellula_MI_data_1879.csv,0,0,True,VERIFIED_MATCH
877,1880,cellula_MI_data_1880.csv,0,0,True,VERIFIED_MATCH
878,1881,cellula_MI_data_1881.csv,1,1,True,VERIFIED_MATCH
879,1883,cellula_MI_data_1883.csv,1,1,True,VERIFIED_MATCH
880,1886,cellula_MI_data_1886.csv,0,0,True,VERIFIED_MATCH
881,1887,cellula_MI_data_1887.csv,0,0,True,VERIFIED_MATCH
882,1888,cellula_MI_data_1888.csv,0,0,True,VERIFIED_MATCH
883,1889,cellula_MI_data_1889.csv,1,1,True,VERIFIED_MATCH
884,1890,cellula_MI_data_1890.csv,0,0,True,VERIFIED_MATCH
885,1891,cellula_MI_data_1891.csv,1,1,True,VERIFIED_MATCH
886,1900,cellula_MI_data_1900.csv,1,1,True,VERIFIED_MATCH
887,1901,cellula_MI_data_1901.csv,1,1,True,VERIFIED_MATCH
888,1902,cellula_MI_data_1902.csv,0,0,True,VERIFIED_MATCH
889,1903,cellula_MI_data_1903.csv,0,0,True,VERIFIED_MATCH
890,1904,cellula_MI_data_1904.csv,1,1,True,VERIFIED_MATCH
891,1905,cellula_MI_data_1905.csv,1,1,True,VERIFIED_MATCH
892,1906,cellula_MI_data_1906.csv,1,1,True,VERIFIED_MATCH
893,1908,cellula_MI_data_1908.csv,1,1,True,VERIFIED_MATCH
894,1909,cellula_MI_data_1909.csv,1,1,True,VERIFIED_MATCH
895,1910,cellula_MI_data_1910.csv,1,1,True,VERIFIED_MATCH
896,1911,cellula_MI_data_1911.csv,0,0,True,VERIFIED_MATCH
897,1913,cellula_MI_data_1913.csv,0,0,True,VERIFIED_MATCH
898,1914,cellula_MI_data_1914.csv,1,1,True,VERIFIED_MATCH
899,1916,cellula_MI_data_1916.csv,1,1,True,VERIFIED_MATCH
900,1917,cellula_MI_data_1917.csv,0,0,True,VERIFIED_MATCH
901,1925,cellula_MI_data_1925.csv,0,0,True,VERIFIED_MATCH
902,1927,cellula_MI_data_1927.csv,0,0,True,VERIFIED_MATCH
903,1928,cellula_MI_data_1928.csv,1,1,True,VERIFIED_MATCH
904,1934,cellula_MI_data_1934.csv,1,1,True,VERIFIED_MATCH
905,1936,cellula_MI_data_1936.csv,1,1,True,VERIFIED_MATCH
906,1943,cellula_MI_data_1943.csv,1,1,True,VERIFIED_MATCH
907,1945,cellula_MI_data_1945.csv,1,1,True,VERIFIED_MATCH
908,1947,cellula_MI_data_1947.csv,0,0,True,VERIFIED_MATCH
909,1954,cellula_MI_data_1954.csv,1,1,True,VERIFIED_MATCH
910,1963,cellula_MI_data_1963.csv,0,0,True,VERIFIED_MATCH
911,1965,cellula_MI_data_1965.csv,1,1,True,VERIFIED_MATCH
912,1966,cellula_MI_data_1966.csv,0,0,True,VERIFIED_MATCH
913,1967,cellula_MI_data_1967.csv,0,0,True,VERIFIED_MATCH
914,1968,cellula_MI_data_1968.csv,0,0,True,VERIFIED_MATCH
915,1969,cellula_MI_data_1969.csv,0,0,True,VERIFIED_MATCH
916,1970,cellula_MI_data_1970.csv,1,1,True,VERIFIED_MATCH
917,1971,cellula_MI_data_1971.csv,1,1,True,VERIFIED_MATCH
918,1974,cellula_MI_data_1974.csv,1,1,True,VERIFIED_MATCH
919,1982,cellula_MI_data_1982.csv,0,0,True,VERIFIED_MATCH
920,1983,cellula_MI_data_1983.csv,1,1,True,VERIFIED_MATCH
921,1985,cellula_MI_data_1985.csv,1,1,True,VERIFIED_MATCH
922,1986,cellula_MI_data_1986.csv,0,0,True,VERIFIED_MATCH
923,1988,cellula_MI_data_1988.csv,0,0,True,VERIFIED_MATCH
924,1989,cellula_MI_data_1989.csv,1,1,True,VERIFIED_MATCH
925,1990,cellula_MI_data_1990.csv,1,1,True,VERIFIED_MATCH
926,1991,cellula_MI_data_1991.csv,0,0,True,VERIFIED_MATCH
927,1994,cellula_MI_data_1994.csv,0,0,True,VERIFIED_MATCH
928,1995,cellula_MI_data_1995.csv,1,1,True,VERIFIED_MATCH
929,2001,cellula_MI_data_2001.csv,0,0,True,VERIFIED_MATCH
930,2004,cellula_MI_data_2004.csv,1,1,True,VERIFIED_MATCH
931,2007,cellula_MI_data_2007.csv,1,1,True,VERIFIED_MATCH
932,2008,cellula_MI_data_2008.csv,1,1,True,VERIFIED_MATCH
933,2009,cellula_MI_data_2009.csv,0,0,True,VERIFIED_MATCH
934,2010,cellula_MI_data_2010.csv,1,1,True,VERIFIED_MATCH
935,2011,cellula_MI_data_2011.csv,1,1,True,VERIFIED_MATCH
936,2012,cellula_MI_data_2012.csv,1,1,True,VERIFIED_MATCH
937,2014,cellula_MI_data_2014.csv,1,1,True,VERIFIED_MATCH
938,2015,cellula_MI_data_2015.csv,1,1,True,VERIFIED_MATCH
939,2016,cellula_MI_data_2016.csv,1,1,True,VERIFIED_MATCH
940,2018,cellula_MI_data_2018.csv,1,1,True,VERIFIED_MATCH
941,2019,cellula_MI_data_2019.csv,1,1,True,VERIFIED_MATCH
942,2020,cellula_MI_data_2020.csv,1,1,True,VERIFIED_MATCH
943,2021,cellula_MI_data_2021.csv,1,1,True,VERIFIED_MATCH
944,2023,cellula_MI_data_2023.csv,0,0,True,VERIFIED_MATCH
945,2024,cellula_MI_data_2024.csv,1,1,True,VERIFIED_MATCH
946,2029,cellula_MI_data_2029.csv,0,0,True,VERIFIED_MATCH
947,2030,cellula_MI_data_2030.csv,1,1,True,VERIFIED_MATCH
948,2031,cellula_MI_data_2031.csv,1,1,True,VERIFIED_MATCH
949,2032,cellula_MI_data_2032.csv,0,0,True,VERIFIED_MATCH
950,2034,cellula_MI_data_2034.csv,1,1,True,VERIFIED_MATCH
951,2036,cellula_MI_data_2036.csv,0,0,True,VERIFIED_MATCH
952,2037,cellula_MI_data_2037.csv,1,1,True,VERIFIED_MATCH
953,2041,cellula_MI_data_2041.csv,0,0,True,VERIFIED_MATCH
954,2045,cellula_MI_data_2045.csv,0,0,True,VERIFIED_MATCH
955,2046,cellula_MI_data_2046.csv,1,1,True,VERIFIED_MATCH
956,2048,cellula_MI_data_2048.csv,1,1,True,VERIFIED_MATCH
957,2050,cellula_MI_data_2050.csv,1,1,True,VERIFIED_MATCH
958,2051,cellula_MI_data_2051.csv,1,1,True,VERIFIED_MATCH
959,2052,cellula_MI_data_2052.csv,1,1,True,VERIFIED_MATCH
960,2053,cellula_MI_data_2053.csv,0,0,True,VERIFIED_MATCH
961,2055,cellula_MI_data_2055.csv,0,0,True,VERIFIED_MATCH
962,2056,cellula_MI_data_2056.csv,0,0,True,VERIFIED_MATCH
963,2057,cellula_MI_data_2057.csv,0,0,True,VERIFIED_MATCH
964,2058,cellula_MI_data_2058.csv,0,0,True,VERIFIED_MATCH
965,2061,cellula_MI_data_2061.csv,0,0,True,VERIFIED_MATCH
966,2062,cellula_MI_data_2062.csv,1,1,True,VERIFIED_MATCH
967,2063,cellula_MI_data_2063.csv,1,1,True,VERIFIED_MATCH
968,2064,cellula_MI_data_2064.csv,1,1,True,VERIFIED_MATCH
969,2065,cellula_MI_data_2065.csv,0,0,True,VERIFIED_MATCH
970,2067,cellula_MI_data_2067.csv,1,1,True,VERIFIED_MATCH
971,2068,cellula_MI_data_2068.csv,1,1,True,VERIFIED_MATCH
972,2069,cellula_MI_data_2069.csv,0,0,True,VERIFIED_MATCH
973,2070,cellula_MI_data_2070.csv,0,0,True,VERIFIED_MATCH
974,2071,cellula_MI_data_2071.csv,0,0,True,VERIFIED_MATCH
975,2072,cellula_MI_data_2072.csv,1,1,True,VERIFIED_MATCH
976,2074,cellula_MI_data_2074.csv,1,1,True,VERIFIED_MATCH
977,2076,cellula_MI_data_2076.csv,1,1,True,VERIFIED_MATCH
978,2077,cellula_MI_data_2077.csv,0,0,True,VERIFIED_MATCH
979,2078,cellula_MI_data_2078.csv,0,0,True,VERIFIED_MATCH
980,2080,cellula_MI_data_2080.csv,0,0,True,VERIFIED_MATCH
981,2081,cellula_MI_data_2081.csv,0,0,True,VERIFIED_MATCH
982,2082,cellula_MI_data_2082.csv,0,0,True,VERIFIED_MATCH
983,2083,cellula_MI_data_2083.csv,0,0,True,VERIFIED_MATCH
984,2084,cellula_MI_data_2084.csv,1,1,True,VERIFIED_MATCH
985,2085,cellula_MI_data_2085.csv,0,0,True,VERIFIED_MATCH
986,2087,cellula_MI_data_2087.csv,0,0,True,VERIFIED_MATCH
987,2088,cellula_MI_data_2088.csv,0,0,True,VERIFIED_MATCH
988,2090,cellula_MI_data_2090.csv,1,1,True,VERIFIED_MATCH
989,2091,cellula_MI_data_2091.csv,1,1,True,VERIFIED_MATCH
990,2092,cellula_MI_data_2092.csv,0,0,True,VERIFIED_MATCH
991,2093,cellula_MI_data_2093.csv,0,0,True,VERIFIED_MATCH
992,2095,cellula_MI_data_2095.csv,0,0,True,VERIFIED_MATCH
993,2096,cellula_MI_data_2096.csv,1,1,True,VERIFIED_MATCH
994,2097,cellula_MI_data_2097.csv,0,0,True,VERIFIED_MATCH
995,2100,cellula_MI_data_2100.csv,1,1,True,VERIFIED_MATCH
996,2101,cellula_MI_data_2101.csv,1,1,True,VERIFIED_MATCH
997,2102,cellula_MI_data_2102.csv,1,1,True,VERIFIED_MATCH
998,2103,cellula_MI_data_2103.csv,1,1,True,VERIFIED_MATCH
999,2104,cellula_MI_data_2104.csv,0,0,True,VERIFIED_MATCH
1000,2107,cellula_MI_data_2107.csv,0,0,True,VERIFIED_MATCH
1001,2108,cellula_MI_data_2108.csv,1,1,True,VERIFIED_MATCH
1002,2109,cellula_MI_data_2109.csv,1,1,True,VERIFIED_MATCH
1003,2110,cellula_MI_data_2110.csv,1,1,True,VERIFIED_MATCH
1004,2111,cellula_MI_data_2111.csv,1,1,True,VERIFIED_MATCH
1005,2112,cellula_MI_data_2112.csv,1,1,True,VERIFIED_MATCH
1006,2113,cellula_MI_data_2113.csv,1,1,True,VERIFIED_MATCH
1007,2114,cellula_MI_data_2114.csv,0,0,True,VERIFIED_MATCH
1008,2115,cellula_MI_data_2115.csv,0,0,True,VERIFIED_MATCH
1009,2117,cellula_MI_data_2117.csv,1,1,True,VERIFIED_MATCH
1010,2118,cellula_MI_data_2118.csv,0,0,True,VERIFIED_MATCH
1011,2119,cellula_MI_data_2119.csv,0,0,True,VERIFIED_MATCH
1012,2120,cellula_MI_data_2120.csv,0,0,True,VERIFIED_MATCH
1013,2122,cellula_MI_data_2122.csv,0,0,True,VERIFIED_MATCH
1014,2123,cellula_MI_data_2123.csv,0,0,True,VERIFIED_MATCH
1015,2124,cellula_MI_data_2124.csv,0,0,True,VERIFIED_MATCH
1016,2125,cellula_MI_data_2125.csv,0,0,True,VERIFIED_MATCH
1017,2126,cellula_MI_data_2126.csv,0,0,True,VERIFIED_MATCH
1018,2127,cellula_MI_data_2127.csv,1,1,True,VERIFIED_MATCH
1019,2128,cellula_MI_data_2128.csv,1,1,True,VERIFIED_MATCH
1020,2129,cellula_MI_data_2129.csv,1,1,True,VERIFIED_MATCH
1021,2130,cellula_MI_data_2130.csv,0,0,True,VERIFIED_MATCH
1022,2131,cellula_MI_data_2131.csv,0,0,True,VERIFIED_MATCH
1023,2143,cellula_MI_data_2143.csv,0,0,True,VERIFIED_MATCH
1024,2144,cellula_MI_data_2144.csv,0,0,True,VERIFIED_MATCH
1025,2145,cellula_MI_data_2145.csv,1,1,True,VERIFIED_MATCH
1026,2146,cellula_MI_data_2146.csv,0,0,True,VERIFIED_MATCH
1027,2147,cellula_MI_data_2147.csv,0,0,True,VERIFIED_MATCH
1028,2149,cellula_MI_data_2149.csv,1,1,True,VERIFIED_MATCH
1029,2150,cellula_MI_data_2150.csv,1,1,True,VERIFIED_MATCH
1030,2152,cellula_MI_data_2152.csv,1,1,True,VERIFIED_MATCH
