sample_index,fold,true_label,predicted_label,probability_left,probability_right
0,1,0,0,0.5428477231218549,0.4571522768781451
1,1,1,0,0.5521427404032309,0.4478572595967691
2,5,0,0,0.5252877949536077,0.4747122050463924
3,1,0,0,0.5338136442337128,0.4661863557662872
4,5,0,1,0.5113054715074289,0.4886945284925711
5,4,1,1,0.5,0.5
6,5,0,0,0.5262384924938526,0.4737615075061475
7,3,0,0,0.5450796972210123,0.4549203027789876
8,5,1,0,0.5208613492383535,0.4791386507616465
9,3,0,0,0.5524316502010245,0.4475683497989755
10,5,0,1,0.5,0.5
11,4,0,0,0.5175247695792722,0.4824752304207278
12,1,1,0,0.5183089630671753,0.4816910369328247
13,1,0,0,0.5107152604419118,0.4892847395580881
14,2,1,0,0.5164936176040885,0.4835063823959115
15,2,1,1,0.5075393655294271,0.4924606344705728
16,5,1,1,0.5,0.5
17,5,0,0,0.521513800495059,0.478486199504941
18,3,0,0,0.5153913079498706,0.4846086920501294
19,2,1,0,0.5155198459818264,0.4844801540181735
20,1,0,0,0.5,0.5
21,1,1,0,0.5,0.5
22,5,1,1,0.5093702078155342,0.4906297921844658
23,4,1,1,0.5100069636557766,0.4899930363442234
24,5,0,1,0.5054038661872141,0.4945961338127859
25,1,0,0,0.4880469917755449,0.5119530082244551
26,1,1,1,0.4828606228282466,0.5171393771717534
27,3,0,0,0.5088173782523095,0.4911826217476904
28,2,1,1,0.5138771050065012,0.4861228949934988
29,3,0,0,0.5050742284803895,0.4949257715196104
30,1,0,0,0.4920470155243788,0.5079529844756212
31,4,0,1,0.509254426795933,0.490745573204067
32,2,1,1,0.5146642364998553,0.4853357635001447
33,4,0,1,0.5097389097896043,0.4902610902103956
34,2,1,0,0.5150421304430788,0.4849578695569212
35,1,1,1,0.47215924229565687,0.5278407577043431
36,3,1,0,0.5,0.5
37,3,0,0,0.4893951273358229,0.5106048726641771
38,1,0,1,0.47497143399247266,0.5250285660075273
39,5,1,1,0.5,0.5
40,5,1,1,0.5057614969504167,0.4942385030495833
41,3,0,0,0.49120791136058717,0.5087920886394128
42,5,1,1,0.5105820741642673,0.4894179258357328
43,1,0,1,0.4768097485909294,0.5231902514090706
44,4,0,1,0.5116522491052897,0.4883477508947103
45,1,1,0,0.4921603304218616,0.5078396695781384
46,5,0,1,0.5088368872510394,0.4911631127489606
47,1,0,0,0.4927159758647396,0.5072840241352604
48,2,1,1,0.5070226965811686,0.4929773034188314
49,3,1,0,0.55062478911618,0.44937521088382
50,4,0,0,0.5292624231604213,0.4707375768395788
51,5,0,1,0.5,0.5
52,5,0,1,0.5,0.5
53,4,0,1,0.5095782156864495,0.4904217843135506
54,4,1,1,0.5095891080326458,0.4904108919673542
55,2,0,1,0.5111402178347775,0.4888597821652226
56,2,0,0,0.5164630576678784,0.4835369423321216
57,2,0,1,0.5134680367429614,0.4865319632570386
58,1,0,0,0.5,0.5
59,4,0,1,0.5093164167278679,0.4906835832721321
60,5,0,1,0.5113640027791901,0.4886359972208098
61,2,0,1,0.5116985143378333,0.4883014856621667
62,2,1,0,0.5165755639227332,0.4834244360772669
63,3,1,0,0.5159610958625696,0.4840389041374305
64,4,1,1,0.5096574496535287,0.4903425503464714
65,1,0,1,0.4868722977021569,0.5131277022978431
66,3,1,0,0.5116116444996419,0.4883883555003581
67,1,0,1,0.4852281363530402,0.5147718636469598
68,2,1,0,0.514962445706916,0.485037554293084
69,5,1,1,0.5,0.5
70,5,1,1,0.5,0.5
71,2,1,1,0.5143755025447678,0.4856244974552322
72,1,1,1,0.470637872674434,0.529362127325566
73,4,1,0,0.5160517876932108,0.4839482123067892
74,2,0,1,0.5074133839449753,0.4925866160550248
75,1,0,0,0.490930704565534,0.509069295434466
76,5,1,0,0.5185699306589671,0.481430069341033
77,3,1,0,0.5,0.5
78,3,1,0,0.4921818452633505,0.5078181547366495
79,4,1,1,0.5066454824861757,0.4933545175138243
80,5,1,0,0.5187833477757446,0.4812166522242554
81,1,0,0,0.5,0.5
82,1,0,0,0.5,0.5
83,2,0,1,0.5066651395948759,0.4933348604051241
84,5,0,0,0.5166816458864338,0.4833183541135661
85,3,1,0,0.49240276742647626,0.5075972325735237
86,3,0,0,0.5056531265780189,0.4943468734219811
87,2,1,1,0.508219866501654,0.4917801334983461
88,2,0,1,0.5080908975923374,0.4919091024076626
89,4,0,1,0.5087647783018097,0.4912352216981904
90,4,1,1,0.5089020157563238,0.4910979842436763
91,2,1,1,0.5085067659980532,0.4914932340019468
92,4,1,1,0.5084626899818641,0.4915373100181359
93,2,0,1,0.5085079366209625,0.4914920633790375
94,1,0,1,0.4852534482457279,0.5147465517542721
95,5,1,0,0.5186019262808472,0.4813980737191528
96,4,1,1,0.5060626888272819,0.4939373111727181
97,4,0,1,0.505377704519868,0.494622295480132
98,5,0,0,0.5212067379367638,0.4787932620632362
99,2,0,0,0.5155729269209398,0.4844270730790602
100,3,1,0,0.541775911483148,0.4582240885168521
101,1,0,1,0.4618123564640719,0.5381876435359281
102,3,0,0,0.530199360356665,0.469800639643335
103,3,1,0,0.5410030285600567,0.4589969714399434
104,3,1,0,0.5308322622131001,0.4691677377868999
105,3,1,0,0.5350035102498611,0.4649964897501389
106,4,1,0,0.517099017418496,0.482900982581504
107,1,1,0,0.5134049504173421,0.4865950495826578
108,1,0,0,0.5272938940327438,0.4727061059672562
109,4,0,1,0.5115518578148832,0.4884481421851168
110,2,0,1,0.5088870483117414,0.4911129516882586
111,1,1,0,0.5294736458458709,0.4705263541541292
112,4,0,0,0.5269933074329001,0.4730066925671
113,5,0,1,0.5,0.5
114,5,0,1,0.5,0.5
115,2,1,1,0.5091438951795015,0.4908561048204984
116,5,0,0,0.5208582680408382,0.4791417319591618
117,4,1,0,0.5183954545176833,0.4816045454823167
118,1,1,0,0.5175160168116777,0.4824839831883223
119,3,1,0,0.544379756624696,0.455620243375304
120,5,0,0,0.5194353760823581,0.4805646239176419
121,4,1,1,0.4919596419652562,0.5080403580347438
122,1,1,0,0.5133311629891428,0.4866688370108572
123,1,1,0,0.5050706538426752,0.4949293461573248
124,3,1,1,0.45489690183178433,0.5451030981682157
125,4,0,1,0.4934323330108432,0.5065676669891568
126,2,1,1,0.5059229432163309,0.4940770567836691
127,5,1,0,0.5130646670451298,0.4869353329548703
128,4,0,1,0.4921321101487095,0.5078678898512905
129,4,0,0,0.5185616042170356,0.4814383957829644
130,5,1,0,0.5269179781567714,0.4730820218432285
131,1,0,0,0.5209963881338403,0.4790036118661597
132,3,1,1,0.4624522458378404,0.5375477541621596
133,2,0,1,0.5076480808973082,0.4923519191026918
134,2,0,1,0.5,0.5
135,3,0,1,0.4453462789267467,0.5546537210732533
136,1,1,0,0.5425954290845798,0.4574045709154202
137,1,0,0,0.5241851938141424,0.4758148061858576
138,5,1,0,0.5323806345370813,0.4676193654629187
139,5,1,0,0.5214099472421396,0.4785900527578603
140,1,1,0,0.5207067250719045,0.4792932749280955
141,1,0,0,0.5277719891580597,0.4722280108419404
142,1,1,0,0.5286221100279931,0.4713778899720069
143,1,0,0,0.5365992486219988,0.4634007513780012
144,3,1,0,0.482544822446514,0.517455177553486
145,5,1,0,0.5205765781548817,0.4794234218451184
146,1,1,0,0.5082494674572862,0.4917505325427138
147,4,0,1,0.4946017249591993,0.5053982750408007
148,5,1,0,0.5219613923098717,0.4780386076901283
149,2,1,1,0.5,0.5
150,5,0,0,0.5172148006511246,0.4827851993488754
151,1,0,0,0.5706324192706678,0.4293675807293323
152,2,0,0,0.5182524896880658,0.4817475103119342
153,1,0,0,0.5674746678629405,0.4325253321370595
154,3,0,0,0.5074659936605079,0.492534006339492
155,5,0,0,0.5363170840616537,0.4636829159383463
156,1,0,0,0.565323638715003,0.434676361284997
157,2,1,0,0.518137043841761,0.4818629561582391
158,1,0,0,0.5551237124689513,0.4448762875310487
159,5,1,0,0.5397256740390817,0.4602743259609183
160,4,1,0,0.5261035549490669,0.4738964450509331
161,3,0,0,0.562970538956479,0.437029461043521
162,1,1,0,0.5744429601605758,0.4255570398394241
163,1,0,0,0.5702054389009121,0.4297945610990878
164,5,0,0,0.5426335306048956,0.4573664693951044
165,2,0,0,0.5293660484172068,0.4706339515827932
166,4,0,1,0.5110497645086935,0.4889502354913064
167,5,1,1,0.5,0.5
168,3,1,0,0.5271466727808568,0.4728533272191432
169,4,1,1,0.5108855884617308,0.4891144115382692
170,1,1,1,0.4584512168680327,0.5415487831319673
171,4,1,1,0.5,0.5
172,2,0,1,0.5061889433184854,0.4938110566815146
173,2,0,1,0.5080063955258438,0.4919936044741562
174,2,0,1,0.5090122349761432,0.4909877650238567
175,1,0,1,0.48093291579560105,0.519067084204399
176,3,1,0,0.5149670432263425,0.4850329567736575
177,5,0,1,0.5,0.5
178,3,0,0,0.5341741210002389,0.4658258789997612
179,1,0,0,0.4908962290112616,0.5091037709887384
180,3,1,0,0.5271531522395712,0.4728468477604288
181,2,1,0,0.5210416564320898,0.4789583435679102
182,4,1,0,0.5312807933137125,0.4687192066862876
183,5,1,1,0.5057915965570348,0.4942084034429653
184,5,1,1,0.5059774285137482,0.4940225714862518
185,2,0,0,0.5218382018459746,0.4781617981540254
186,1,0,0,0.5087473578108153,0.4912526421891848
187,1,1,0,0.5,0.5
188,3,1,0,0.5464211405975719,0.4535788594024282
189,3,1,0,0.5444514212756063,0.4555485787243937
190,5,0,1,0.5,0.5
191,4,1,1,0.5097140987067115,0.4902859012932885
192,2,1,1,0.5083595111392836,0.4916404888607165
193,3,0,0,0.5461432256318127,0.4538567743681873
194,1,0,0,0.5,0.5
195,1,0,0,0.5082231159910252,0.4917768840089748
196,5,0,0,0.5182173873706473,0.4817826126293528
197,1,1,0,0.5063273229648348,0.4936726770351652
198,3,1,1,0.4286659275508815,0.5713340724491185
199,2,0,1,0.5124228464809935,0.4875771535190065
200,3,0,1,0.3932150407234909,0.6067849592765091
201,5,0,0,0.5148188034024839,0.4851811965975161
202,1,1,0,0.5140206956310359,0.4859793043689641
203,5,1,0,0.5159069790820079,0.4840930209179921
204,4,1,1,0.5,0.5
205,4,0,1,0.5,0.5
206,5,0,0,0.5155488137781331,0.4844511862218669
207,3,0,0,0.5367121242711175,0.4632878757288826
208,5,1,0,0.5184038300298364,0.4815961699701637
209,4,0,0,0.522011817134205,0.4779881828657951
210,5,0,0,0.519872063115767,0.480127936884233
211,3,0,0,0.549173269956135,0.450826730043865
212,2,0,0,0.5163096502375479,0.483690349762452
213,2,1,0,0.5162666560848779,0.4837333439151222
214,5,1,0,0.5179699368339671,0.4820300631660329
215,5,1,0,0.517044969405883,0.4829550305941171
216,4,1,0,0.5239569388982076,0.4760430611017924
217,5,0,0,0.5178473836360349,0.4821526163639651
218,4,0,0,0.5202485487630347,0.4797514512369653
219,4,0,0,0.5225650144123302,0.4774349855876699
220,1,1,0,0.5089022237600422,0.4910977762399578
221,4,1,0,0.5205166531866977,0.4794833468133023
222,1,0,0,0.5092664493427927,0.4907335506572073
223,3,1,0,0.5443911980387071,0.455608801961293
224,4,0,1,0.5092923599252217,0.4907076400747783
225,4,1,1,0.5095994985339836,0.4904005014660165
226,5,0,1,0.5,0.5
227,2,0,0,0.5156233334308403,0.4843766665691597
228,3,1,0,0.5528639180134534,0.4471360819865466
229,3,0,0,0.5501079966541393,0.4498920033458607
230,5,0,0,0.5159856652765381,0.4840143347234619
231,4,1,0,0.519775604458999,0.480224395541001
232,4,0,0,0.5170251876652733,0.4829748123347267
233,2,1,1,0.5114458831090778,0.4885541168909222
234,5,0,1,0.5086015331155649,0.4913984668844351
235,2,1,1,0.510482624125469,0.4895173758745311
236,1,1,0,0.5,0.5
237,1,1,0,0.5,0.5
238,4,0,1,0.5143992173101732,0.4856007826898268
239,4,0,1,0.5147724711483408,0.4852275288516592
240,5,0,1,0.5091503868965142,0.4908496131034858
241,5,0,1,0.509194176165524,0.490805823834476
242,1,1,0,0.5,0.5
243,2,1,1,0.5108365824462445,0.4891634175537555
244,3,0,0,0.5389901953884895,0.4610098046115106
245,2,0,1,0.5075860840148572,0.4924139159851428
246,2,0,1,0.506400418081166,0.493599581918834
247,4,0,1,0.5137187950320997,0.4862812049679003
248,2,1,1,0.5089606050664377,0.4910393949335623
249,3,0,0,0.5408424787027424,0.4591575212972577
250,3,1,0,0.541266000535807,0.4587339994641931
251,1,1,1,0.4835150036807345,0.5164849963192655
252,4,1,0,0.5275012194503078,0.4724987805496922
253,2,1,0,0.5193390281373489,0.4806609718626511
254,5,0,0,0.5376551846828147,0.4623448153171853
255,5,0,0,0.5403024191122543,0.4596975808877457
256,2,0,0,0.5228540976485936,0.4771459023514064
257,4,0,0,0.5345227061564797,0.4654772938435204
258,1,0,0,0.5633987849828007,0.4366012150171993
259,4,0,0,0.5302048158494506,0.4697951841505495
260,1,0,0,0.5596569703511605,0.4403430296488396
261,2,0,1,0.5,0.5
262,5,0,0,0.5191052758120045,0.4808947241879955
263,4,0,1,0.5119898317621239,0.4880101682378761
264,5,0,1,0.49165015865545625,0.5083498413445438
265,4,0,1,0.5107032354599891,0.4892967645400109
266,1,0,0,0.5,0.5
267,2,1,0,0.5230653213261816,0.4769346786738185
268,2,1,0,0.5239298358551314,0.4760701641448686
269,3,0,0,0.535430045782584,0.4645699542174159
270,1,0,0,0.5517682194634039,0.4482317805365961
271,4,0,0,0.5250771245221725,0.4749228754778275
272,5,0,0,0.5378705369878272,0.4621294630121728
273,2,0,0,0.5244573276843416,0.4755426723156584
274,5,1,0,0.5379522145071861,0.4620477854928139
275,3,1,0,0.5387477803194562,0.4612522196805438
276,3,0,0,0.5405049545329128,0.4594950454670872
277,3,1,0,0.5293355035273909,0.4706644964726091
278,5,1,1,0.49045877996342513,0.5095412200365749
279,2,0,0,0.5251065768376542,0.4748934231623458
280,3,1,0,0.5705815451095206,0.4294184548904793
281,5,0,1,0.5087631688648255,0.4912368311351745
282,2,1,1,0.5081228719024307,0.4918771280975694
283,4,1,1,0.5127320961489792,0.4872679038510208
284,4,0,1,0.5119157848216429,0.4880842151783571
285,1,0,0,0.5,0.5
286,5,1,0,0.5332916569581254,0.4667083430418746
287,2,1,0,0.5279154836882018,0.4720845163117982
288,2,1,0,0.5277145586957814,0.4722854413042185
289,4,1,0,0.5376569111555567,0.4623430888444433
290,2,0,0,0.5288601104782231,0.4711398895217768
291,4,1,0,0.5346231531603224,0.4653768468396776
292,2,0,0,0.5289662451256654,0.4710337548743346
293,5,1,0,0.5339906915651462,0.4660093084348537
294,3,0,0,0.531151361110238,0.468848638889762
295,2,1,0,0.5285428507315133,0.4714571492684867
296,4,0,0,0.535621685402961,0.4643783145970391
297,3,1,0,0.5339602001035939,0.4660397998964061
298,1,0,0,0.5585473961084696,0.4414526038915304
299,5,1,0,0.5331692371990543,0.4668307628009457
300,2,1,1,0.5,0.5
301,3,0,1,0.3825074533067834,0.6174925466932166
302,1,0,1,0.40158708415418853,0.5984129158458115
303,2,1,1,0.5,0.5
304,1,0,1,0.39278331404463296,0.607216685955367
305,3,1,1,0.38726575789362816,0.6127342421063718
306,5,1,1,0.5,0.5
307,2,1,1,0.5,0.5
308,2,0,1,0.5,0.5
309,3,1,1,0.40022368744661196,0.599776312553388
310,1,0,1,0.4293670284008443,0.5706329715991557
311,2,1,1,0.5,0.5
312,3,0,1,0.41310821075186877,0.5868917892481312
313,1,1,1,0.4182585767155592,0.5817414232844408
314,5,1,1,0.494938329841758,0.505061670158242
315,2,1,1,0.5133896441408917,0.4866103558591083
316,4,0,1,0.5107004616834501,0.4892995383165499
317,3,0,0,0.5497274504665953,0.4502725495334047
318,4,0,0,0.5167752837772925,0.4832247162227074
319,1,0,0,0.563357797880577,0.436642202119423
320,1,1,0,0.5581089328300948,0.4418910671699053
321,1,1,0,0.5602522707905091,0.4397477292094909
322,2,1,1,0.5,0.5
323,5,0,1,0.5067326894588421,0.4932673105411579
324,3,1,1,0.4662944515123515,0.5337055484876485
325,3,0,1,0.4663192799192979,0.5336807200807021
326,1,1,1,0.4708621532985404,0.5291378467014596
327,1,0,1,0.46798940509520226,0.5320105949047977
328,5,0,1,0.4939091685512297,0.5060908314487703
329,1,1,1,0.47425367649809036,0.5257463235019096
330,3,1,0,0.533982549005652,0.466017450994348
331,3,0,0,0.5059016643059546,0.4940983356940454
332,4,0,0,0.5255395902620112,0.4744604097379888
333,1,1,0,0.49400277769442247,0.5059972223055775
334,5,1,0,0.5197837403745511,0.4802162596254489
335,2,1,1,0.5144228340762778,0.4855771659237222
336,4,1,1,0.5095622626844344,0.4904377373155656
337,1,0,0,0.49136786836113244,0.5086321316388676
338,4,1,1,0.5078281469960869,0.4921718530039131
339,2,0,1,0.5129221854081939,0.4870778145918061
340,3,1,0,0.4874663706636212,0.5125336293363788
341,1,0,0,0.5111027493221671,0.4888972506778329
342,4,0,1,0.5062730358342566,0.4937269641657434
343,3,0,0,0.48662132275524206,0.5133786772447579
344,1,0,0,0.5393800078463552,0.4606199921536448
345,3,1,1,0.4764630260862577,0.5235369739137423
346,5,0,0,0.5147755991250917,0.4852244008749083
347,4,0,1,0.5064507229158546,0.4935492770841455
348,3,1,0,0.4911196547470489,0.5088803452529511
349,5,1,1,0.5104289975192139,0.4895710024807861
350,4,1,1,0.5095526202065814,0.4904473797934186
351,1,0,1,0.472097849855329,0.527902150144671
352,1,1,1,0.4772729354962013,0.5227270645037987
353,3,0,0,0.5065141723256859,0.4934858276743141
354,2,1,1,0.5093162130403346,0.4906837869596654
355,4,0,1,0.506476362719583,0.493523637280417
356,1,1,0,0.5063223625857205,0.4936776374142795
357,4,1,1,0.5071029864437238,0.4928970135562762
358,1,1,1,0.47759245405147066,0.5224075459485293
359,1,0,1,0.48577586539460893,0.5142241346053911
360,4,1,1,0.5,0.5
361,3,1,0,0.4884504012675178,0.5115495987324822
362,2,0,1,0.5094798695225011,0.4905201304774989
363,4,0,1,0.505977696162924,0.494022303837076
364,4,0,1,0.5,0.5
365,1,0,1,0.46452295919363285,0.5354770408063672
366,4,1,1,0.5092079510514862,0.4907920489485138
367,3,0,0,0.4808366708788413,0.5191633291211587
368,2,0,1,0.5110634606839819,0.4889365393160181
369,1,0,0,0.5454034589067411,0.4545965410932588
370,1,1,0,0.5172865726917073,0.4827134273082927
371,1,0,0,0.4888772148378949,0.5111227851621051
372,2,0,1,0.5062552996322647,0.4937447003677354
373,5,0,0,0.5196414519188837,0.4803585480811164
374,2,0,1,0.505614654701616,0.4943853452983839
375,5,1,0,0.5223551378306395,0.4776448621693605
376,1,1,1,0.4641967589260326,0.5358032410739674
377,2,1,1,0.509683553373038,0.490316446626962
378,1,0,0,0.508729827702088,0.4912701722979121
379,2,0,1,0.5094423477809935,0.4905576522190065
380,5,1,1,0.5084904389541576,0.4915095610458425
381,5,0,1,0.5101954974655589,0.4898045025344411
382,2,0,1,0.5077589922107983,0.4922410077892016
383,5,1,1,0.5,0.5
384,2,0,1,0.5084757532363361,0.4915242467636639
385,3,1,0,0.5320088291796587,0.4679911708203412
386,3,0,0,0.5469385308924621,0.4530614691075379
387,2,0,1,0.5068939052522001,0.4931060947477999
388,2,1,1,0.5111191993375686,0.4888808006624314
389,5,1,1,0.5078617207127538,0.4921382792872461
390,4,1,0,0.5170406855665117,0.4829593144334883
391,2,0,1,0.5106965519246094,0.4893034480753906
392,4,1,1,0.5143865985189765,0.4856134014810235
393,3,0,0,0.5493541913769482,0.4506458086230518
394,3,1,0,0.5541413859903657,0.4458586140096344
395,5,0,1,0.5074954797449276,0.4925045202550724
396,2,0,1,0.512359249260939,0.487640750739061
397,2,0,1,0.5106983963807628,0.4893016036192372
398,3,1,0,0.5512619674750342,0.4487380325249658
399,4,0,0,0.5167459442371161,0.4832540557628839
400,4,0,1,0.5145947392566397,0.4854052607433604
401,4,1,0,0.5186756600249061,0.481324339975094
402,5,1,1,0.5093067156243244,0.4906932843756756
403,3,1,0,0.5527143178226408,0.4472856821773592
404,2,1,0,0.5168630950110695,0.4831369049889304
405,3,0,0,0.5548120555960575,0.4451879444039425
406,5,1,1,0.5079785126594885,0.4920214873405116
407,3,0,0,0.5485323444288214,0.4514676555711786
408,3,0,0,0.5524811909248284,0.4475188090751716
409,5,0,1,0.5073031156964207,0.4926968843035793
410,2,0,1,0.5107179680356673,0.4892820319643327
411,4,0,1,0.5062697012984592,0.4937302987015409
412,1,1,0,0.4908334726687571,0.5091665273312429
413,4,1,0,0.5178355429775168,0.4821644570224833
414,5,1,1,0.49467864059332023,0.5053213594066798
415,3,1,0,0.5320425136710084,0.4679574863289916
416,3,1,0,0.5462744235399667,0.4537255764600333
417,5,1,0,0.5132748520814512,0.4867251479185489
418,1,0,0,0.5085822550265329,0.4914177449734671
419,3,0,0,0.5546322598981799,0.4453677401018202
420,5,1,1,0.5100423263350828,0.4899576736649171
421,2,0,1,0.5109708742628706,0.4890291257371294
422,2,0,1,0.5110532113786566,0.4889467886213434
423,5,1,0,0.5359905719151501,0.4640094280848499
424,1,1,0,0.5630754988224465,0.4369245011775536
425,5,1,0,0.5367103991044999,0.4632896008955001
426,5,0,0,0.5342942614422034,0.4657057385577966
427,4,0,0,0.5165766808348711,0.483423319165129
428,3,1,0,0.5476803032642708,0.4523196967357293
429,2,1,0,0.5235103133303167,0.4764896866696833
430,2,1,0,0.5236696510714044,0.4763303489285956
431,3,0,0,0.548358601243569,0.451641398756431
432,2,0,0,0.524135725318277,0.475864274681723
433,1,0,0,0.5561846333913119,0.4438153666086881
434,2,0,0,0.5190436262379686,0.4809563737620314
435,4,1,1,0.5148890116409173,0.4851109883590828
436,5,0,0,0.5382941135364472,0.4617058864635529
437,4,1,1,0.5153115343377084,0.4846884656622917
438,2,0,0,0.5203840828078917,0.4796159171921083
439,1,0,0,0.5585655972205648,0.4414344027794353
440,3,1,0,0.5409526311350865,0.4590473688649135
441,1,1,0,0.538465160495295,0.461534839504705
442,2,0,1,0.5147774478294669,0.4852225521705332
443,3,0,0,0.5333781479415879,0.4666218520584121
444,3,1,0,0.532784449723896,0.4672155502761039
445,2,1,1,0.5147254806892587,0.4852745193107413
446,5,1,1,0.5,0.5
447,4,1,1,0.5086118911395012,0.4913881088604987
448,4,0,1,0.5085902526928165,0.4914097473071834
449,5,0,1,0.507833866325078,0.492166133674922
450,5,0,1,0.5067598523378694,0.4932401476621306
451,4,1,1,0.5071540537977919,0.4928459462022082
452,1,0,1,0.4784248961856904,0.5215751038143096
453,5,1,1,0.5,0.5
454,4,1,1,0.5,0.5
455,1,0,1,0.46491380611309985,0.5350861938869002
456,2,0,1,0.5073751417093038,0.4926248582906962
457,2,0,1,0.5082453720089062,0.4917546279910938
458,3,1,0,0.5,0.5
459,4,1,1,0.5,0.5
460,1,1,1,0.4632645394368843,0.5367354605631157
461,2,0,1,0.5077965051197499,0.4922034948802501
462,1,1,1,0.4702517481652424,0.5297482518347576
463,3,0,0,0.487594079937372,0.512405920062628
464,1,0,1,0.4464250118418802,0.5535749881581198
465,4,1,1,0.5052904253646513,0.4947095746353487
466,4,0,1,0.5076988719512658,0.4923011280487342
467,5,1,1,0.4807062216192296,0.5192937783807704
468,3,0,0,0.5125863601926586,0.4874136398073415
469,5,0,1,0.5,0.5
470,2,0,1,0.5112297048977986,0.4887702951022014
471,3,1,0,0.5160725247147335,0.4839274752852664
472,1,1,1,0.46250233985532374,0.5374976601446763
473,5,0,1,0.5,0.5
474,4,0,1,0.5,0.5
475,4,1,1,0.5,0.5
476,3,0,0,0.5130570741121545,0.4869429258878455
477,2,1,1,0.5095625573158479,0.4904374426841521
478,4,0,1,0.5071469753969344,0.4928530246030655
479,5,0,1,0.49303689231700554,0.5069631076829945
480,4,0,1,0.5,0.5
481,2,1,1,0.5069086749928111,0.4930913250071889
482,2,1,1,0.5075395215495635,0.4924604784504365
483,5,1,1,0.4937426738603814,0.5062573261396186
484,5,0,1,0.4828788089184446,0.5171211910815554
485,1,1,1,0.45964602633708107,0.5403539736629189
486,3,0,0,0.5229444804212481,0.4770555195787519
487,2,1,0,0.5190315372746546,0.4809684627253455
488,3,1,0,0.5321410969049917,0.4678589030950083
489,3,0,0,0.5271105086112431,0.4728894913887569
490,4,0,1,0.5152250903376071,0.4847749096623929
491,4,1,1,0.514580190743113,0.485419809256887
492,3,1,0,0.52566388473817,0.47433611526183
493,5,1,0,0.5357157005217902,0.4642842994782098
494,5,0,0,0.5349806294218289,0.4650193705781711
495,1,0,0,0.5364948115367667,0.4635051884632333
496,4,1,1,0.5146043285627725,0.4853956714372275
497,2,1,0,0.5150730769527969,0.4849269230472031
498,5,1,0,0.5270456894637827,0.4729543105362173
499,2,0,1,0.5140625265174277,0.4859374734825723
500,5,1,0,0.5331341427793028,0.4668658572206972
501,3,0,0,0.5229701765467976,0.4770298234532025
502,3,1,0,0.5259832111015126,0.4740167888984874
503,3,1,0,0.5230248888083873,0.4769751111916128
504,3,1,0,0.5270293728330382,0.4729706271669618
505,4,0,1,0.5153788564308213,0.4846211435691788
506,3,1,0,0.5213599276457376,0.4786400723542624
507,4,1,1,0.5133115968832345,0.4866884031167655
508,1,0,0,0.5437103707738344,0.4562896292261656
509,2,0,0,0.517817217404247,0.482182782595753
510,3,0,0,0.524344655290581,0.475655344709419
511,3,0,0,0.522181048345608,0.477818951654392
512,3,0,0,0.5280930361042631,0.471906963895737
513,4,0,1,0.5148604214404917,0.4851395785595083
514,2,0,0,0.5179711530018989,0.4820288469981011
515,3,0,0,0.5267234617690042,0.4732765382309958
516,4,0,0,0.5155436206597571,0.4844563793402429
517,2,1,0,0.5197413912100615,0.4802586087899385
518,1,0,0,0.5389810580058982,0.4610189419941017
519,4,0,1,0.5151933254997259,0.4848066745002742
520,2,0,0,0.5195518311936871,0.4804481688063129
521,4,1,0,0.5169151443360283,0.4830848556639717
522,1,1,0,0.5492028553708279,0.4507971446291721
523,3,0,0,0.5280792575685994,0.4719207424314006
524,2,1,0,0.5201506051034148,0.4798493948965852
525,1,1,0,0.5482873133967314,0.4517126866032686
526,2,1,0,0.5219669341476694,0.4780330658523306
527,2,0,0,0.5225123392539632,0.4774876607460367
528,4,1,0,0.5181891030943683,0.4818108969056317
529,4,0,0,0.5175644290846657,0.4824355709153343
530,2,0,0,0.5225529258418145,0.4774470741581856
531,4,0,0,0.5180583083867043,0.4819416916132957
532,2,1,0,0.5221278978690542,0.4778721021309457
533,5,0,0,0.5343172202555087,0.4656827797444913
534,2,0,0,0.5220090794738979,0.4779909205261021
535,3,1,0,0.5486645996459993,0.4513354003540007
536,4,0,0,0.516575537582938,0.4834244624170621
537,2,1,0,0.5218814907594924,0.4781185092405076
538,1,0,0,0.5546975095186724,0.4453024904813276
539,2,0,0,0.5226231648732098,0.4773768351267902
540,3,0,0,0.5439670486843429,0.4560329513156571
541,5,0,0,0.5327871560809669,0.467212843919033
542,4,1,0,0.5175494278233548,0.4824505721766452
543,1,1,0,0.5561305033293003,0.4438694966706998
544,1,0,0,0.5567835217594657,0.4432164782405343
545,1,1,0,0.5550766715212594,0.4449233284787406
546,1,1,0,0.5561956457918831,0.4438043542081169
547,3,1,0,0.5462590548027884,0.4537409451972117
548,3,1,0,0.5496601783114343,0.4503398216885657
549,5,0,0,0.5335181507969151,0.4664818492030849
550,4,0,0,0.5188336046174107,0.4811663953825894
551,2,0,0,0.5228900912537696,0.4771099087462304
552,4,1,0,0.5176799732334267,0.4823200267665732
553,1,1,0,0.5573439545339066,0.4426560454660934
554,2,0,0,0.5224760980913751,0.4775239019086249
555,4,1,0,0.5187665766953362,0.4812334233046638
556,1,1,0,0.5570519892525302,0.4429480107474698
557,1,1,0,0.5556530289364647,0.4443469710635353
558,4,1,0,0.5158294503542282,0.4841705496457718
559,2,0,1,0.5114057666875564,0.4885942333124435
560,3,0,0,0.5423749733078813,0.4576250266921187
561,1,1,0,0.5282622945063087,0.4717377054936913
562,4,0,1,0.5096539735966699,0.4903460264033302
563,3,0,0,0.540741275566741,0.459258724433259
564,4,0,1,0.5107004616834501,0.4892995383165499
565,5,1,0,0.5167520547462281,0.4832479452537719
566,4,0,0,0.5166783603855607,0.4833216396144393
567,5,0,0,0.5152586995192431,0.4847413004807569
568,4,1,0,0.5167084002192527,0.4832915997807473
569,3,0,0,0.5212669070985597,0.4787330929014403
570,5,1,1,0.5113179341756084,0.4886820658243916
571,1,1,0,0.5147020581039283,0.4852979418960717
572,4,1,0,0.522159551035785,0.477840448964215
573,5,1,0,0.5174624636123994,0.4825375363876006
574,3,1,0,0.5290634539438637,0.4709365460561363
575,1,1,0,0.5311528216539549,0.4688471783460451
576,2,0,0,0.5204123993781894,0.4795876006218106
577,5,1,0,0.5202327174715178,0.4797672825284823
578,4,0,0,0.5162434380330763,0.4837565619669238
579,5,1,0,0.5171895040855539,0.4828104959144462
580,1,1,0,0.5150175474181113,0.4849824525818887
581,3,1,0,0.5147550111616703,0.4852449888383296
582,4,1,1,0.5,0.5
583,3,0,0,0.48883456582491447,0.5111654341750855
584,5,0,0,0.5351319306558096,0.4648680693441904
585,1,1,0,0.5611697760649911,0.4388302239350089
586,3,0,0,0.49387448859986827,0.5061255114001317
587,2,0,0,0.5233133934748773,0.4766866065251227
588,3,1,0,0.5,0.5
589,5,0,0,0.5347472337880358,0.4652527662119642
590,3,0,0,0.5149118512208515,0.4850881487791485
591,3,1,0,0.5,0.5
592,5,1,0,0.5159224973894108,0.4840775026105892
593,5,1,0,0.5336324996059023,0.4663675003940977
594,4,0,0,0.5240732897790406,0.4759267102209594
595,4,1,0,0.5255518065969207,0.4744481934030793
596,4,0,0,0.5280702795692869,0.4719297204307132
597,3,0,0,0.5464324122248496,0.4535675877751504
598,5,1,0,0.5290619432421342,0.4709380567578659
599,4,0,1,0.5134850739584794,0.4865149260415206
600,3,0,0,0.48973792270334815,0.5102620772966519
601,1,1,0,0.529292859582803,0.4707071404171969
602,3,0,0,0.48396589349224306,0.5160341065077569
603,3,1,0,0.5306882988348688,0.4693117011651312
604,2,1,0,0.5211379952875848,0.4788620047124152
605,4,1,1,0.508005534353951,0.491994465646049
606,4,0,1,0.5099245452243946,0.4900754547756055
607,4,0,1,0.5104984579170537,0.4895015420829463
608,3,1,0,0.5295609167200261,0.4704390832799739
609,2,0,1,0.5138583063196738,0.4861416936803263
610,4,1,1,0.5096501062279644,0.4903498937720356
611,2,0,1,0.5118819194000469,0.4881180805999531
612,5,1,1,0.506436515456408,0.493563484543592
613,4,0,1,0.5103589404886237,0.4896410595113762
614,5,0,0,0.5365321968838308,0.4634678031161692
615,4,0,0,0.530454522231702,0.469545477768298
616,1,1,0,0.559394975231394,0.4406050247686059
617,2,1,0,0.5241198477597588,0.4758801522402411
618,3,0,0,0.5423590675175716,0.4576409324824285
619,3,1,0,0.5450129647024585,0.4549870352975415
620,1,1,0,0.5611715950772085,0.4388284049227915
621,2,0,0,0.5238477946545002,0.4761522053454999
622,5,1,0,0.5349641000904676,0.4650358999095324
623,1,1,0,0.5590141585540092,0.4409858414459909
624,5,0,0,0.5365141451431015,0.4634858548568986
625,3,0,0,0.538245711941626,0.4617542880583741
626,5,0,1,0.5092423718598746,0.4907576281401253
627,1,1,0,0.5108771864808901,0.4891228135191099
628,3,1,0,0.5436992749706016,0.4563007250293984
629,4,1,1,0.5105947269464606,0.4894052730535394
630,4,0,1,0.5109972696557339,0.4890027303442661
631,2,0,1,0.509882161499192,0.490117838500808
632,3,1,0,0.5482203387692943,0.4517796612307057
633,3,1,0,0.54713533212593,0.45286466787407
634,4,1,1,0.5111441833231016,0.4888558166768984
635,3,0,0,0.5442907407490138,0.4557092592509861
636,5,1,1,0.5,0.5
637,3,1,0,0.5477638795227566,0.4522361204772433
638,1,1,0,0.5,0.5
639,2,0,1,0.5099714190478013,0.4900285809521987
640,5,1,1,0.5,0.5
641,1,1,0,0.5,0.5
642,2,0,0,0.5159248240976769,0.4840751759023231
643,3,0,0,0.5438296254440553,0.4561703745559446
644,3,0,0,0.5427727047332218,0.4572272952667782
645,2,1,0,0.5153832700186096,0.4846167299813904
646,5,1,0,0.5219416656314968,0.4780583343685032
647,2,0,0,0.5148824396842833,0.4851175603157168
648,4,1,1,0.5102615781354216,0.4897384218645784
649,2,0,0,0.5156515301553948,0.4843484698446053
650,4,0,1,0.5126369468980665,0.4873630531019335
651,3,0,0,0.5474727764284595,0.4525272235715405
652,5,1,0,0.5147016722990879,0.4852983277009121
653,4,1,1,0.5096065758787403,0.4903934241212597
654,4,1,1,0.5099407836637229,0.4900592163362772
655,5,0,1,0.5,0.5
656,4,0,1,0.5106082929374781,0.4893917070625219
657,2,0,1,0.5103917485849574,0.4896082514150426
658,1,1,0,0.5105910756106076,0.4894089243893924
659,5,0,1,0.5051107980027121,0.4948892019972879
660,3,0,0,0.5475133178409488,0.4524866821590512
661,5,0,1,0.5,0.5
662,5,0,1,0.5,0.5
663,2,1,1,0.5113059545678675,0.4886940454321325
664,3,1,0,0.5465142798356359,0.4534857201643641
665,2,0,1,0.5109154700825524,0.4890845299174476
666,4,0,1,0.5088672506232377,0.4911327493767624
667,5,1,0,0.5184917970120244,0.4815082029879756
668,4,0,1,0.5129116455755268,0.4870883544244732
669,2,0,1,0.514465073783487,0.485534926216513
670,4,0,1,0.5105534433415981,0.4894465566584018
671,1,0,0,0.5250900170864519,0.4749099829135481
672,5,0,0,0.51360675984715,0.48639324015285
673,1,1,0,0.5171574278318671,0.4828425721681329
674,5,1,0,0.513302642393533,0.486697357606467
675,1,0,0,0.5218077860431837,0.4781922139568163
676,3,1,0,0.542616588234841,0.4573834117651589
677,3,0,0,0.546425042094975,0.453574957905025
678,1,0,0,0.5,0.5
679,1,1,0,0.505528419427187,0.4944715805728131
680,4,1,1,0.5097846974301901,0.49021530256981
681,3,0,0,0.5428932369720121,0.457106763027988
682,2,1,1,0.5113968514214193,0.4886031485785807
683,2,0,0,0.519097872901629,0.480902127098371
684,1,1,0,0.557797013335941,0.442202986664059
685,4,0,0,0.5354640807398214,0.4645359192601785
686,2,0,0,0.5273396273591682,0.4726603726408318
687,4,1,0,0.535039471143404,0.464960528856596
688,5,1,0,0.5347919843212402,0.4652080156787598
689,1,0,0,0.5497421120637611,0.4502578879362389
690,1,0,0,0.5606423155079575,0.4393576844920425
691,1,0,0,0.5571481437889171,0.4428518562110829
692,2,0,0,0.5276087759546417,0.4723912240453582
693,1,1,0,0.5548929208737308,0.4451070791262692
694,2,0,0,0.5272381180264655,0.4727618819735345
695,5,0,0,0.5334958090707995,0.4665041909292005
696,1,1,0,0.5497831485488915,0.4502168514511084
697,2,1,0,0.5278483895619407,0.4721516104380593
698,4,0,0,0.5348995285069419,0.4651004714930581
699,5,1,0,0.5365989508122861,0.4634010491877139
700,3,0,0,0.5392100209439864,0.4607899790560136
701,1,0,0,0.5424138549793095,0.4575861450206905
702,5,1,0,0.535617502761295,0.464382497238705
703,3,1,0,0.5323287976470574,0.4676712023529426
704,1,0,0,0.5598555713140863,0.4401444286859137
705,4,1,0,0.5349027879928966,0.4650972120071034
706,3,1,0,0.5399197526010782,0.4600802473989218
707,3,0,0,0.5393043437344107,0.4606956562655892
708,3,1,0,0.5364637516545945,0.4635362483454056
709,4,0,0,0.5367222320597851,0.4632777679402149
710,4,0,0,0.5352541319513343,0.4647458680486657
711,1,1,0,0.5618018204012016,0.4381981795987983
712,4,0,0,0.5374040675356491,0.4625959324643509
713,2,0,0,0.5264329937257834,0.4735670062742166
714,1,0,0,0.5498165138629894,0.4501834861370106
715,2,1,0,0.5292927245487595,0.4707072754512404
716,5,0,0,0.5361527626671926,0.4638472373328074
717,5,0,0,0.525769935340609,0.474230064659391
718,2,0,0,0.5211237470021328,0.4788762529978672
719,4,1,0,0.5361765951486801,0.4638234048513199
720,5,1,0,0.529199606218002,0.470800393781998
721,3,0,0,0.5382403002501854,0.4617596997498145
722,4,0,0,0.536838901079103,0.4631610989208969
723,3,0,0,0.5231038613041907,0.4768961386958093
724,5,0,0,0.5309571833034021,0.4690428166965979
725,1,0,0,0.5574628658609808,0.4425371341390192
726,3,0,1,0.4515623776734262,0.5484376223265738
727,4,1,1,0.5,0.5
728,2,1,1,0.5061323605947647,0.4938676394052352
729,5,0,1,0.5096792669851141,0.4903207330148859
730,1,0,1,0.46810075400890716,0.5318992459910928
731,3,0,1,0.4429513201962403,0.5570486798037597
732,5,0,1,0.5,0.5
733,5,1,1,0.5,0.5
734,1,1,0,0.49350369841146136,0.5064963015885386
735,4,1,0,0.5181387106150055,0.4818612893849945
736,2,0,1,0.5111836860106977,0.4888163139893023
737,2,1,1,0.5131305915331579,0.4868694084668421
738,5,0,1,0.5,0.5
739,2,0,1,0.5054016624129686,0.4945983375870314
740,2,1,1,0.5063307611773794,0.4936692388226206
741,4,1,1,0.5,0.5
742,2,1,1,0.5051165068889549,0.494883493111045
743,5,1,1,0.506911277551594,0.4930887224484059
744,1,0,1,0.44879381331117263,0.5512061866888274
745,4,1,1,0.5,0.5
746,3,0,1,0.4393207520021125,0.5606792479978875
747,1,1,1,0.4583755876573419,0.5416244123426581
748,4,1,1,0.5,0.5
749,2,1,1,0.5054403260243487,0.4945596739756513
750,3,0,1,0.43239851800373397,0.567601481996266
751,1,0,1,0.43541834792350687,0.5645816520764931
752,1,1,1,0.43318979412386216,0.5668102058761378
753,4,1,1,0.5,0.5
754,3,1,1,0.4187868121586664,0.5812131878413336
755,1,0,1,0.4286245014582607,0.5713754985417393
756,1,0,1,0.3890460031233848,0.6109539968766152
757,3,1,1,0.40028011872085434,0.5997198812791457
758,5,1,1,0.5,0.5
759,3,0,1,0.3919617829369074,0.6080382170630926
760,2,1,1,0.5051824760484929,0.4948175239515072
761,4,0,1,0.4934566230595979,0.5065433769404021
762,2,1,1,0.5,0.5
763,5,1,1,0.5,0.5
764,5,1,1,0.49372881201035523,0.5062711879896448
765,2,0,1,0.5,0.5
766,4,1,1,0.49152642494098076,0.5084735750590192
767,3,1,1,0.3750599443367565,0.6249400556632435
768,1,1,1,0.3797265579750392,0.6202734420249608
769,5,0,1,0.4892396599500839,0.5107603400499161
770,2,1,1,0.5,0.5
771,2,1,1,0.5,0.5
772,1,0,1,0.42688364549626123,0.5731163545037388
773,4,0,1,0.49385712009130645,0.5061428799086936
774,3,0,1,0.4058503383408273,0.5941496616591727
775,3,0,1,0.39993743034658114,0.6000625696534189
776,4,1,1,0.4943161024669599,0.5056838975330401
777,4,0,1,0.49398333478056,0.50601666521944
778,3,1,1,0.3947576434836363,0.6052423565163637
779,3,0,0,0.5622317261627496,0.4377682738372504
780,2,0,0,0.5322368843506216,0.4677631156493785
781,4,0,0,0.5420929738563263,0.4579070261436737
782,5,0,0,0.5393404288145793,0.4606595711854207
783,2,0,0,0.5393372385307894,0.4606627614692106
784,3,1,0,0.5609854827090304,0.4390145172909696
785,1,0,0,0.5605040261648582,0.4394959738351419
786,2,0,0,0.5352980526075182,0.4647019473924819
787,2,0,0,0.5341309859864688,0.4658690140135312
788,1,1,0,0.5640491613968277,0.4359508386031723
789,5,0,0,0.5373972293737799,0.4626027706262202
790,3,1,0,0.5507719994779604,0.4492280005220396
791,1,0,0,0.5645313081317795,0.4354686918682204
792,2,1,0,0.5397925535703998,0.4602074464296002
793,4,0,0,0.5564632004802677,0.4435367995197324
794,5,0,0,0.5396859202328952,0.4603140797671048
795,4,1,0,0.5441933513343832,0.4558066486656168
796,1,0,0,0.5636119424563688,0.4363880575436312
797,5,1,0,0.5396345191110933,0.4603654808889067
798,3,0,0,0.5360138059020105,0.4639861940979895
799,4,1,0,0.5446528955688402,0.4553471044311598
800,1,0,0,0.5666591556783627,0.4333408443216374
801,2,0,0,0.5303910926247334,0.4696089073752666
802,1,0,0,0.5651372018940538,0.4348627981059462
803,4,0,1,0.5107351477653381,0.4892648522346619
804,2,1,1,0.5117488326725085,0.4882511673274915
805,5,0,1,0.49497894988940716,0.5050210501105928
806,5,1,1,0.493465581613864,0.506534418386136
807,5,0,1,0.5,0.5
808,4,1,0,0.5401109914024704,0.4598890085975296
809,3,0,0,0.5284175036578,0.4715824963422
810,4,1,0,0.538970510048439,0.461029489951561
811,4,0,0,0.5353970532246362,0.4646029467753639
812,3,0,0,0.5273098875763989,0.4726901124236012
813,5,0,0,0.5367317588369818,0.4632682411630183
814,5,0,0,0.5383081625509293,0.4616918374490707
815,4,0,0,0.5337859215915088,0.4662140784084911
816,2,1,0,0.5313492582219976,0.4686507417780024
817,5,1,0,0.5386710704365167,0.4613289295634833
818,3,0,0,0.5172279563744586,0.4827720436255414
819,2,1,0,0.5286097541472965,0.4713902458527035
820,1,1,0,0.5681442871386873,0.4318557128613127
821,2,0,0,0.5285828513975355,0.4714171486024646
822,1,1,0,0.5631962622255873,0.4368037377744127
823,2,0,0,0.5336417104636004,0.4663582895363995
824,2,1,0,0.5301276713195977,0.4698723286804023
825,3,0,0,0.5393514330117701,0.4606485669882298
826,5,0,0,0.5384705223926761,0.4615294776073239
827,5,1,0,0.539189518623785,0.4608104813762151
828,3,1,0,0.5324646225170011,0.4675353774829989
829,3,0,0,0.5397935892210441,0.4602064107789558
830,4,1,0,0.5337617486867703,0.4662382513132297
831,2,1,0,0.5297111223944764,0.4702888776055237
832,2,1,0,0.5290429961526818,0.4709570038473182
833,5,0,0,0.5387442613953347,0.4612557386046653
834,2,1,0,0.5282484698044903,0.4717515301955097
835,2,1,0,0.5290818832043188,0.4709181167956812
836,1,1,0,0.570926315220574,0.429073684779426
837,3,1,0,0.5319624179752425,0.4680375820247575
838,5,0,0,0.5260488054038261,0.4739511945961739
839,3,0,0,0.5354020393282826,0.4645979606717174
840,3,1,0,0.5363479637641918,0.4636520362358082
841,5,1,0,0.5286342860551322,0.4713657139448678
842,1,1,0,0.5325014835200991,0.4674985164799009
843,4,0,0,0.5243122722882759,0.4756877277117241
844,3,0,0,0.5172762920552675,0.4827237079447325
845,2,0,0,0.5167199756313579,0.4832800243686422
846,2,0,0,0.5166510101412696,0.4833489898587305
847,1,1,0,0.5209925631290799,0.4790074368709201
848,1,0,0,0.5243065738194614,0.4756934261805386
849,5,1,0,0.5175566826227334,0.4824433173772666
850,3,1,0,0.5186069791728514,0.4813930208271486
851,3,0,0,0.5476471766301891,0.4523528233698109
852,2,1,0,0.5269645712404925,0.4730354287595076
853,4,0,0,0.5471092533426686,0.4528907466573314
854,2,0,0,0.5433629023541946,0.4566370976458054
855,3,0,0,0.5722763436503067,0.4277236563496934
856,3,0,0,0.573360121814714,0.4266398781852861
857,1,0,0,0.5655232591498089,0.434476740850191
858,4,1,0,0.5475568426956265,0.4524431573043735
859,3,1,0,0.5394476844119064,0.4605523155880936
860,3,1,0,0.5711992640250676,0.4288007359749324
861,1,0,0,0.5659556508507342,0.4340443491492658
862,3,1,0,0.5651963208757491,0.4348036791242509
863,2,1,0,0.5256435288865096,0.4743564711134905
864,4,0,1,0.5139948743436749,0.4860051256563251
865,1,0,0,0.5,0.5
866,2,1,1,0.5105648565512722,0.4894351434487278
867,5,0,0,0.5126651650771098,0.4873348349228902
868,4,0,1,0.5085949836679369,0.4914050163320632
869,1,0,0,0.5,0.5
870,2,1,0,0.5248623427188439,0.4751376572811561
871,4,0,0,0.5201627349781182,0.4798372650218819
872,1,0,0,0.557382797648877,0.442617202351123
873,5,1,0,0.5340773278752455,0.4659226721247545
874,4,1,0,0.5160655890817455,0.4839344109182545
875,2,0,0,0.5220094593109287,0.4779905406890713
876,1,0,0,0.5439799530336742,0.4560200469663258
877,5,0,0,0.5306232949132155,0.4693767050867845
878,2,1,0,0.5228978943333928,0.4771021056666071
879,1,1,0,0.51893111454294,0.4810688854570599
880,3,0,0,0.5380584842099285,0.4619415157900715
881,5,0,0,0.5347148816733944,0.4652851183266055
882,5,0,0,0.5349941009777242,0.4650058990222759
883,2,1,0,0.5289025862721612,0.4710974137278387
884,5,0,0,0.5317218660245275,0.4682781339754725
885,2,1,0,0.5226594564050625,0.4773405435949375
886,1,1,0,0.5208060927445436,0.4791939072554564
887,1,1,0,0.5642134210761033,0.4357865789238967
888,4,0,0,0.5158192121613618,0.4841807878386382
889,1,0,0,0.5649370304257667,0.4350629695742333
890,5,1,0,0.536932537701701,0.463067462298299
891,5,1,0,0.5379360661717296,0.4620639338282704
892,1,1,0,0.5650348739972606,0.4349651260027394
893,4,1,0,0.5164720550138212,0.4835279449861788
894,1,1,1,0.4790965624444693,0.5209034375555307
895,5,1,0,0.538690390357266,0.4613096096427341
896,4,0,0,0.5166495898141382,0.4833504101858618
897,5,0,0,0.5383861026448107,0.4616138973551894
898,5,1,0,0.5383042213915454,0.4616957786084545
899,1,1,0,0.5621594822705883,0.4378405177294117
900,1,0,0,0.5704749643337494,0.4295250356662505
901,4,0,1,0.5055630320058941,0.4944369679941058
902,3,0,1,0.46203284907145814,0.5379671509285419
903,4,1,1,0.5127038755602467,0.4872961244397534
904,2,1,0,0.5265629530534242,0.4734370469465758
905,4,1,0,0.5334653693093832,0.4665346306906169
906,4,1,0,0.5205847619687386,0.4794152380312614
907,1,1,0,0.5,0.5
908,3,0,0,0.5551879017600022,0.4448120982399978
909,4,1,0,0.537234562537892,0.4627654374621079
910,1,0,0,0.5,0.5
911,3,1,0,0.5369135491314164,0.4630864508685836
912,3,0,0,0.5405674304020286,0.4594325695979714
913,1,0,0,0.5,0.5
914,4,0,1,0.5112635409939962,0.4887364590060038
915,3,0,0,0.5412256748143409,0.4587743251856591
916,3,1,0,0.538051409145077,0.461948590854923
917,3,1,0,0.5462927390949922,0.4537072609050078
918,3,1,0,0.5449150631880331,0.455084936811967
919,2,0,1,0.5050397932563258,0.4949602067436742
920,1,1,0,0.5,0.5
921,5,1,1,0.5080630632561574,0.4919369367438426
922,4,0,1,0.4949699689733851,0.5050300310266149
923,5,0,1,0.5,0.5
924,3,1,1,0.4590294919633888,0.5409705080366112
925,4,1,1,0.5,0.5
926,2,0,1,0.5,0.5
927,3,0,1,0.45189826366875807,0.5481017363312419
928,1,1,0,0.5,0.5
929,5,0,1,0.5109525561108796,0.4890474438891204
930,5,1,1,0.5094653107394743,0.4905346892605257
931,1,1,0,0.5065669640715151,0.4934330359284848
932,2,1,1,0.5,0.5
933,5,0,1,0.5074175592293404,0.4925824407706596
934,4,1,1,0.5,0.5
935,4,1,1,0.5,0.5
936,5,1,1,0.5072293138101893,0.4927706861898106
937,4,1,1,0.5,0.5
938,1,1,0,0.5058750965260492,0.4941249034739508
939,1,1,0,0.5,0.5
940,5,1,1,0.5,0.5
941,3,1,0,0.5459750455987042,0.4540249544012957
942,3,1,0,0.5389474901669618,0.4610525098330382
943,4,1,1,0.5093280371306221,0.4906719628693778
944,3,0,0,0.5441701770152928,0.4558298229847072
945,4,1,1,0.5109053677703534,0.4890946322296466
946,3,0,0,0.5476375041983901,0.45236249580161
947,5,1,1,0.5,0.5
948,3,1,0,0.5494302347809976,0.4505697652190024
949,1,0,0,0.4907126387471923,0.5092873612528077
950,1,1,0,0.4931030717945979,0.5068969282054021
951,4,0,1,0.5096363132210509,0.4903636867789491
952,2,1,1,0.507983116067786,0.492016883932214
953,1,0,0,0.4918975948551255,0.5081024051448745
954,5,0,1,0.5,0.5
955,4,1,1,0.5102935855961102,0.4897064144038898
956,3,1,0,0.5449366495508857,0.4550633504491143
957,1,1,0,0.49201675307776993,0.5079832469222301
958,3,1,0,0.5465129202390726,0.4534870797609274
959,2,1,1,0.5086490426012165,0.4913509573987836
960,2,0,0,0.5365607309796276,0.4634392690203723
961,5,0,0,0.5371406402969041,0.4628593597030959
962,2,0,0,0.5254483235025631,0.4745516764974369
963,5,0,0,0.5364931315274848,0.4635068684725152
964,5,0,0,0.537789486334779,0.4622105136652211
965,2,0,0,0.5252244934167757,0.4747755065832243
966,2,1,1,0.5114765528098593,0.4885234471901408
967,2,1,1,0.5110082524478866,0.4889917475521134
968,1,1,0,0.5,0.5
969,5,0,1,0.5,0.5
970,5,1,1,0.49446347347859787,0.5055365265214021
971,1,1,0,0.4913767567642522,0.5086232432357478
972,2,0,1,0.5063974598711545,0.4936025401288455
973,1,0,1,0.47249795922960836,0.5275020407703916
974,5,0,0,0.5334659565720434,0.4665340434279566
975,1,1,0,0.5599236889478618,0.4400763110521382
976,2,1,0,0.5245351376006164,0.4754648623993836
977,3,1,0,0.5461580145914382,0.4538419854085618
978,1,0,0,0.5659029585351611,0.4340970414648389
979,4,0,0,0.5338233511643914,0.4661766488356086
980,3,0,0,0.5456524018721522,0.4543475981278477
981,3,0,0,0.5491123171356964,0.4508876828643036
982,1,0,0,0.5561559480485962,0.4438440519514037
983,3,0,0,0.539364642804746,0.4606353571952539
984,2,1,0,0.5265189949637197,0.4734810050362803
985,5,0,0,0.5376301652641988,0.4623698347358012
986,2,0,0,0.5261444773923964,0.4738555226076035
987,3,0,0,0.5459636544642898,0.4540363455357102
988,5,1,0,0.5377140005171042,0.4622859994828958
989,5,1,0,0.5369373539978806,0.4630626460021195
990,5,0,0,0.5366871527182371,0.463312847281763
991,2,0,0,0.5278831549309078,0.4721168450690923
992,4,0,0,0.5346214826097886,0.4653785173902114
993,4,1,0,0.5341556192276039,0.4658443807723961
994,4,0,0,0.5338951933534271,0.466104806646573
995,4,1,0,0.5318541468060405,0.4681458531939595
996,2,1,0,0.5249395743856184,0.4750604256143815
997,3,1,0,0.5550631757395041,0.4449368242604959
998,3,1,0,0.5510253561095015,0.4489746438904984
999,5,0,0,0.5351324508116497,0.4648675491883502
1000,4,0,0,0.5327509977783083,0.4672490022216917
1001,3,1,0,0.5464888843331065,0.4535111156668935
1002,5,1,0,0.53620812839537,0.46379187160463
1003,4,1,0,0.534030489862656,0.465969510137344
1004,5,1,0,0.5357439872037082,0.4642560127962918
1005,1,1,0,0.5587036305957066,0.4412963694042934
1006,2,1,0,0.5255479586492426,0.4744520413507573
1007,3,0,0,0.5468685761540839,0.4531314238459161
1008,2,0,0,0.5260354763298489,0.473964523670151
1009,4,1,0,0.534859973054717,0.465140026945283
1010,1,0,0,0.5555631700120327,0.4444368299879673
1011,4,0,0,0.5339739796532941,0.4660260203467059
1012,1,0,0,0.5615476900891267,0.4384523099108733
1013,5,0,0,0.5367890622648811,0.4632109377351189
1014,4,0,0,0.5342587619105972,0.4657412380894029
1015,3,0,0,0.5410979907879834,0.4589020092120167
1016,5,0,0,0.5349286490285448,0.4650713509714552
1017,2,0,0,0.5285153772017134,0.4714846227982866
1018,2,1,0,0.5237387810113348,0.4762612189886653
1019,4,1,0,0.5333798055809278,0.4666201944190722
1020,2,1,0,0.525668426283293,0.474331573716707
1021,1,0,0,0.5609294684114174,0.4390705315885826
1022,1,0,0,0.5582144025070902,0.4417855974929098
1023,1,0,1,0.4186749815286822,0.5813250184713178
1024,3,0,0,0.5,0.5
1025,2,1,1,0.5099228702529093,0.4900771297470908
1026,5,0,0,0.5183841630396107,0.4816158369603894
1027,1,0,1,0.4775379875104572,0.5224620124895428
1028,5,1,0,0.516853989137054,0.483146010862946
1029,1,1,1,0.4759130418851979,0.5240869581148021
1030,5,1,1,0.49005335733243316,0.5099466426675668
